,X,Y
s__Tetrasphaera_japonica,0.5016113802699432,-1.8195408454523618
s__Methanobrevibacter_smithii,1.7110144790675694,-2.6036551378729986
s__Methanobrevibacter_arboriphilus,1.6857415010689347,-2.625890946611187
s__Methanobrevibacter_millerae,1.676971088409227,-2.633554711864136
s__Methanosphaera_stadtmanae,1.7027765224512645,-2.6109769736607418
s__Candidatus_Methanoplasma_termitum,1.7555138264172956,-2.5647508084872825
s__Methanosarcina_lacustris,1.7872254478379785,-2.5306324721299367
s__Candidatus_Methanomethylophilus_alvus,1.6233150009518107,-2.6796324385538632
s__Methanosarcina_sp._MTP4,1.8727884809268742,2.4981709144620905
s__Bifidobacterium_adolescentis,0.8698792552004297,-1.9397593849449801
s__Mobiluncus_curtisii,0.6617625640941833,-2.647852441674332
s__Acidobacteriaceae_bacterium_KBS_89,0.38081429551157153,0.1501467521879849
s__Actinobaculum_sp._oral_taxon_183,0.6556291709991859,-2.5793217849858303
s__Actinomyces_graevenitzii,0.7698449563402675,-2.5522420647941306
s__Actinomyces_cardiffensis,0.7939649636870549,-2.5883108236484538
s__Actinomyces_dentalis,0.7656724300744702,-2.6002235215369054
s__Actinomyces_gerencseriae,0.847063750419985,-2.5708584482461143
s__Actinomyces_europaeus,0.8164810804318597,-2.603468009200879
s__Actinomyces_hongkongensis,0.7788263603692696,-2.6114035328080094
s__Actinomyces_johnsonii,0.8261891566395725,-2.5893276383283563
s__Actinomyces_massiliensis,0.8106311327727865,-2.565898076272791
s__Actinomyces_odontolyticus,0.8418959479613416,-2.586903209598444
s__Actinomyces_meyeri,0.7977854308705111,-2.610110777950482
s__Actinomyces_oris,0.8172220715696097,-2.5452293600990656
s__Actinomyces_sp._oral_taxon_448,0.7933500982834045,-2.540558356190761
s__Actinomyces_sp._oral_taxon_848,0.7832258061332165,-2.5650289803240933
s__Actinomyces_timonensis,0.7627837042351405,-2.5802610559880934
s__Actinomyces_turicensis,0.834840712661042,-2.5582316997516013
s__Arcanobacterium_haemolyticum,0.6405205982383493,-2.6182394145852195
s__Flaviflexus_massiliensis,0.693413576125095,-2.6645673845357125
s__Trueperella_pyogenes,0.67961275041293,-2.519677995857551
s__Mobiluncus_mulieris,0.6537262198276327,-2.6597553600260704
s__Actinopolyspora_erythraea,0.6777616050508274,-1.5617694817839975
s__Bifidobacterium_bifidum,0.8067600207561986,-1.8812551184870925
s__Bifidobacterium_angulatum,0.8134021465843788,-1.8584072127646232
s__Bifidobacterium_animalis,0.848805470171452,-1.9087998260301462
s__Bifidobacterium_asteroides,0.8357167912460528,-1.8489103455950948
s__Bifidobacterium_breve,0.8628832794024759,-1.8849095740336066
s__Bifidobacterium_dentium,0.8147989862209892,-1.9074701497617448
s__Bifidobacterium_coryneforme,0.8877082619911874,-1.8743726205115503
s__Bifidobacterium_longum,0.8619886115025754,-1.8548886825232584
s__Gardnerella_vaginalis,0.8258256401496756,-2.0401473937336894
s__Bifidobacterium_scardovii,0.8902180373006343,-1.9259933735207555
s__Bifidobacterium_pseudolongum,0.8966002209556301,-1.902458001868518
s__Bifidobacterium_thermophilum,0.8377898232675193,-1.9340258691990484
s__Parascardovia_denticolens,0.7804476081205987,-1.7486342527264551
s__Scardovia_inopinata,0.8475935885385721,-1.7484195544833312
s__Lawsonella_clevelandensis,1.0584921898755808,-2.021655665853227
s__Catenulispora_acidiphila,0.5236716674029108,-2.69490973712756
s__Corynebacterium_durum,1.135478822197018,-2.3273685717079076
s__Corynebacterium_accolens,1.0993929367655895,-2.3525923058715823
s__Corynebacterium_argentoratense,1.0874810518504532,-2.382844386938539
s__Corynebacterium_callunae,1.1144731594919526,-2.327438901485368
s__Corynebacterium_atypicum,1.0729616605426573,-2.3597937385055934
s__Corynebacterium_diphtheriae,1.0720952706556202,-2.2968839563262007
s__Corynebacterium_glucuronolyticum,1.0712227009043702,-2.3785984465422696
s__Corynebacterium_singulare,1.1124326264485844,-2.2823492372088823
s__Corynebacterium_jeikeium,1.1033936344460564,-2.3781330886181107
s__Corynebacterium_glutamicum,1.0586544617066327,-2.3126442284098006
s__Corynebacterium_kroppenstedtii,1.0545235440077456,-2.332793527633195
s__Corynebacterium_resistens,1.0830691348785673,-2.3288997052264757
s__Corynebacterium_simulans,1.127659228403793,-2.291836292684604
s__Corynebacterium_stationis,1.1342773604228356,-2.307607157319362
s__Corynebacterium_testudinoris,1.1175213492226057,-2.3642661333978277
s__Corynebacterium_urealyticum,1.10186324665579,-2.306400341740155
s__Corynebacterium_variabile,1.1274806670078146,-2.3471536006276126
s__Corynebacterium_ureicelerivorans,1.0559308115455708,-2.3537886236627967
s__Turicella_otitidis,1.0723798847518191,-2.190301264772715
s__Corynebacterium_vitaeruminis,1.0907312222714378,-2.2855060690054283
s__Mycobacterium_abscessus,0.8516120305169275,-2.274423595651528
s__Nocardia_farcinica,1.052634228599812,-2.1205421939533906
s__Rhodococcus_fascians,0.8918609889133685,-2.234546736472897
s__Tropheryma_whipplei,0.5931903966547393,-1.6018747957556534
s__Brevibacterium_linens,0.49245695223915154,-1.8781399496877333
s__Dermacoccus_nishinomiyaensis,0.6583045034149275,-2.2502885597100133
s__Cellulomonas_massiliensis,0.38843578325829364,-2.0753427824535944
s__Brevibacterium_senegalense,0.40660724301541845,-2.222635564530759
s__Eggerthella_sp._YY7918,0.17714953588865642,-2.580941134987255
s__Rothia_dentocariosa,0.4440825773219853,-2.1301202476331835
s__Microbacterium_sp._C448,0.5179087869091104,-2.2810303081807124
s__Microbacterium_sp._No._7,0.47852800302028026,-2.2827628135725986
s__Arthrobacter_sp._IHBB_11108,0.4950369059200299,-2.024119889133324
s__Arthrobacter_sp._H14,0.5242818219841368,-2.04847416014641
s__Kocuria_palustris,0.512465950849582,-2.137160198710666
s__Arthrobacter_sp._PAMC_25486,0.5257416683827301,-2.0281414826683175
s__Arthrobacter_sp._LS16,0.5052530589078232,-2.0037320724585843
s__Glutamicibacter_arilaitensis,0.6138770811008937,-2.1646678381361855
s__Kocuria_flava,0.5637580640349058,-2.1316841484732416
s__Kocuria_turfanensis,0.5350129954444731,-2.1520691959221017
s__Rothia_mucilaginosa,0.4780605120525742,-1.9596385086076924
s__Atopobium_parvulum,0.5326278183953408,-1.315705535893426
s__Cutibacterium_acnes,0.5202615926184544,-2.435276883132785
s__Acidipropionibacterium_acidipropionici,0.5714571614255549,-2.391275445426537
s__Granulicoccus_phenolivorans,0.5219574360544501,-1.7173694615284238
s__Pseudopropionibacterium_propionicum,0.4766510614244526,-2.464311952112238
s__Kibdelosporangium_phytohabitans,0.42710279357181136,-2.388549849967374
s__Saccharopolyspora_erythraea,0.698236294081908,-1.6267317150188234
s__Saccharopolyspora_spinosa,0.7238488120909494,-1.6146526060036874
s__Streptomyces_albus,0.5816787388574837,-1.7489172250714806
s__Streptomyces_sp._Tu6071,0.48940348487212953,-2.5844058274727146
s__Streptomyces_sp._CNT360,0.4837558540900272,-2.5604833928275337
s__Atopobium_fossor,0.5244798376839787,-1.3027482213228634
s__Coriobacteriaceae_bacterium_68-1-3,0.6660620648121475,-1.091982133300128
s__Atopobium_sp._oral_taxon_199,0.20484530337576862,-2.3733175468124705
s__Olsenella_sp._oral_taxon_809,0.51303224551982,-1.3433027480497983
s__Olsenella_sp._SIT9,0.21004999165162838,-2.329216007258536
s__Olsenella_uli,0.5139736432256595,-1.276319915487467
s__Collinsella_intestinalis,0.35062123775958753,-2.7382643610688255
s__Collinsella_stercoris,0.3398264953428451,-2.7262155299681963
s__Enorma_massiliensis,0.3011591456922909,-2.7295387675157876
s__Collinsella_tanakaei,0.337231098420105,-2.7477047388985185
s__Coriobacterium_glomerans,0.37996549762132126,-2.7559246500849373
s__Senegalimassilia_anaerobia,0.573745074913038,-1.3813750293221345
s__Adlercreutzia_equolifaciens,0.4765723450514396,-1.457491574266087
s__Eggerthellaceae_bacterium_AT8,0.6901861464931162,-1.1486317136067672
s__Cryptobacterium_curtum,0.23833371857316274,-2.6524047935936874
s__Eggerthella_lenta,0.17036605939549704,-2.562752605290812
s__Gordonibacter_pamelaeae,0.20240580794945873,-2.6341555471234277
s__Enterorhabdus_caecimuris,0.23421389081486788,-2.5805147549263765
s__Enterorhabdus_mucosicola,0.24298347155295574,-2.600522129191486
s__Slackia_piriformis,0.20119604573740038,-2.508441778824032
s__Slackia_exigua,0.18335669835102897,-2.503289539235924
s__Slackia_heliotrinireducens,0.44311404452476805,-1.5121190443055128
s__Bacteroidetes_oral_taxon_274,0.7260450842899003,0.23441482439872643
s__Phocaeicola_abscessus,-1.691600714396384,1.3274387863080737
s__Bacteroidales_bacterium_CF,-1.3777796858242186,1.194071729014155
s__Bacteroides_cellulosilyticus,-2.388415938882321,1.35174538973576
s__Bacteroides_barnesiae,-2.358317070644856,1.323289170074466
s__Bacteroides_coprocola,-2.2977419337107645,1.31153180127752
s__Bacteroides_fragilis,-2.3023621088134285,1.3324237425200876
s__Bacteroides_coprophilus,-2.3403661302401133,1.2842902806502174
s__Bacteroides_fluxus,-2.3031816943560335,1.2942745489497625
s__Bacteroides_coprosuis,-2.359749591698511,1.2934382034256688
s__Bacteroides_oleiciplenus,-2.37467263977929,1.305205783788855
s__Bacteroides_neonati,-2.333049813784955,1.3625328013727542
s__Bacteroides_graminisolvens,-2.3841151728368333,1.3365332164347459
s__Bacteroides_plebeius,-2.353867402849487,1.3463463061631806
s__Bacteroides_ovatus,-2.336058696162298,1.3049338942896358
s__Bacteroides_salanitronis,-2.319040919052102,1.285121178764273
s__Bacteroides_salyersiae,-2.3246808086348714,1.3248423251672188
s__Bacteroides_stercoris,-2.3678676318659106,1.3748857547832638
s__Bacteroides_sp._Ga6A1,-2.385857126386677,1.320376007212144
s__Bacteroides_thetaiotaomicron,-2.3780084534720793,1.363381944151711
s__Bacteroides_uniformis,-2.3185056025265314,1.349134438575841
s__Bacteroides_vulgatus,-2.350265987867837,1.3716768125803105
s__Odoribacter_splanchnicus,-2.3596124907448144,1.508732021692433
s__Butyricimonas_synergistica,-2.125238223703734,1.2424083622782565
s__Butyricimonas_virosa,-1.82503909339962,1.336042217196783
s__Odoribacter_laneus,-1.8563999632257042,1.3763702219460305
s__Prevotella_copri,-2.176414724972091,1.6996789747724361
s__Parabacteroides_distasonis,-1.7538237874354727,1.55661884273112
s__Barnesiella_intestinihominis,-1.8242970110277323,1.5213239210571918
s__Barnesiella_viscericola,-1.8104738381030603,1.5969436691034085
s__Coprobacter_fastidiosus,-1.7562461170220396,1.4814274659117177
s__Fermentimonas_caenicola,-1.8607358154729927,1.862998185506691
s__Dysgonomonas_mossii,-1.889554979330384,1.8904713010316505
s__Dysgonomonas_gadei,-1.9001243446785347,1.9013579823224556
s__Paludibacter_propionicigenes,-1.8216991101613265,1.8118292439848334
s__Parabacteroides_goldsteinii,-1.759171475145717,1.5769498565275428
s__Parabacteroides_johnsonii,-1.749204816742313,1.5951291284532798
s__Porphyromonas_gingivalis,-1.7791833755958806,1.7224200062472286
s__Porphyromonas_asaccharolytica,-1.7771124242160246,1.6910587039501628
s__Porphyromonas_levii,-1.8016253619128892,1.7299094176259158
s__Porphyromonas_somerae,-1.7935246512516105,1.7031881975891208
s__Porphyromonas_macacae,-1.7971233148733865,1.7489125717276202
s__Proteiniphilum_acetatigenes,-1.7898562832900782,1.496930384626894
s__Tannerella_forsythia,-1.8482701786214435,1.8322487319342524
s__Paraprevotella_xylaniphila,-2.0697113932294076,1.484744679909257
s__Alloprevotella_rava,-2.0181466109060926,1.8704804962701755
s__Alloprevotella_tannerae,-2.0282397606435256,1.875996713817716
s__Prevotella_bergensis,-2.097463260166938,1.636694687083846
s__Prevotella_albensis,-2.0865397978532734,1.7484701373422986
s__Prevotella_amnii,-2.1048550850704406,1.6657876771133615
s__Prevotella_bivia,-2.076345675825115,1.6854206315442442
s__Prevotella_buccae,-2.1518271631992656,1.729747608040582
s__Prevotella_stercorea,-2.127392502017609,1.6490790083393216
s__Prevotella_denticola,-2.1054043602406396,1.736779642572796
s__Prevotella_corporis,-2.198728293867838,1.6425916475534657
s__Prevotella_dentalis,-2.117831272945149,1.6228578683588681
s__Prevotella_enoeca,-2.1871889511758886,1.6264557345421957
s__Prevotella_fusca,-2.197033053572123,1.6622239143261575
s__Prevotella_intermedia,-2.170229336153415,1.6749255165918413
s__Prevotella_loescheii,-2.079742631158804,1.7285420146974424
s__Prevotella_maculosa,-2.104451332801805,1.758508814989526
s__Prevotella_marshii,-2.076975568457892,1.7086483191035937
s__Prevotella_melaninogenica,-2.152545143758345,1.6365698117905456
s__Prevotella_multiformis,-2.14304702457445,1.675370686623997
s__Prevotella_multisaccharivorax,-2.190025869198738,1.6821878138205004
s__Prevotella_nanceiensis,-2.118342305302556,1.716366275447987
s__Prevotella_nigrescens,-2.1034919622306423,1.693987835241173
s__Prevotella_pallens,-2.1424411267979244,1.7024267708797474
s__Prevotella_oralis,-2.081635694957694,1.6593488318306153
s__Prevotella_oryzae,-2.1414343201348274,1.615316527856103
s__Prevotella_salivae,-2.1649651360778197,1.714999715334582
s__Prevotella_paludivivens,-2.1762804622426035,1.6484110173962248
s__Prevotella_ruminicola,-2.123879282379537,1.7529856045702497
s__Prevotella_scopos,-2.1369778421878514,1.7400807151775546
s__Prevotella_timonensis,-2.1676725986687506,1.6174180318473843
s__Streptococcus_salivarius,-1.2714003753246625,-2.265270724780856
s__Alistipes_putredinis,-2.037465305732115,1.2698811100459915
s__Alistipes_finegoldii,-1.983260384297937,1.2887328845077386
s__Alistipes_indistinctus,-2.000918507807047,1.2982826827361496
s__Alistipes_obesi,-2.035991826623565,1.2880705978320346
s__Alistipes_shahii,-2.022248387893439,1.3068883967616307
s__Alistipes_senegalensis,-2.006148886586675,1.2700307837092715
s__Rikenella_microfusus,-1.8973015727687077,1.2884529362205637
s__Mucinivorans_hirudinis,-1.9171385402100949,1.3310409372628231
s__Chryseobacterium_gallinarum,-1.4412236746463136,1.569885820887461
s__Asinibacterium_sp._OR53,-1.3440201815828545,1.184981721531933
s__Alkaliflexus_imshenetskii,-1.604043438528989,1.2650069227443557
s__Salinivirga_cyanobacteriivorans,-2.4999660572663185,1.1129336256630622
s__Saccharicrinis_fermentans,-2.5525895177530975,1.1708839083954354
s__Draconibacterium_orientale,-2.5345164066501455,1.1410863977503327
s__Hymenobacter_sp._DG25B,-2.6553435157301393,1.0497500732788427
s__Hymenobacter_sp._APR13,-2.657705526486886,1.0372745637644059
s__Fluviicola_taffensis,-1.789097655094819,2.2081064446061855
s__Capnocytophaga_granulosa,-1.695880401745572,2.180753635849454
s__Aequorivita_sublithincola,-1.6275987976066917,2.130401269795272
s__Capnocytophaga_cynodegmi,-1.6659006106438732,2.1621087757995805
s__Capnocytophaga_canimorsus,-1.6654484552505728,2.180812795061219
s__Capnocytophaga_sp._oral_taxon_329,-1.6827842550591825,2.157926178574645
s__Capnocytophaga_ochracea,-1.6786923459182133,2.1910031790110778
s__Capnocytophaga_sp._oral_taxon_338,-1.698156186006665,2.162843129302045
s__Elizabethkingia_anophelis,-1.5968601002073426,2.06230815022247
s__Flavobacterium_branchiophilum,-1.4688443140087686,1.7105414126589948
s__Weeksella_virosa,-1.5306658582436754,1.9153911626259807
s__Psychroflexus_torquis,-1.751170561894999,2.172992356129085
s__Riemerella_columbina,-1.7243763397184582,2.2149533450048025
s__Sphingobacterium_sp._ML3W,-2.6035040191247036,1.0053518649433384
s__Sphingobacterium_sp._HMSC13C05,-1.4584360614480771,1.1906435042641288
s__Winogradskyella_sp._PG-2,-1.6231464051587852,2.1042256078519377
s__Dehalogenimonas_lykanthroporepellens,1.4287530838654752,1.8773204414258835
s__Sphingobacterium_thalpophilum,-2.6011032396506812,1.0154399365290168
s__Caldithrix_abyssi,1.5121242813609412,2.3313955499445633
s__Chlamydia_suis,-2.773166192422026,0.8827157719870492
s__Dehalococcoides_mccartyi,-0.10770785463316104,-2.8824357915659835
s__Fischerella_sp._PCC_9605,0.6146535227438896,0.0019652880262167926
s__Calothrix_parietina,0.6202535932140741,0.15817028526528187
s__Calothrix_sp._PCC_7103,0.616171731276702,-0.03116746597059708
s__filamentous_cyanobacterium_ESFC-1,0.7795771216397758,-0.20502624162900174
s__Rivularia_sp._PCC_7116,0.6186275198620678,0.12492951470530123
s__Arthrospira_platensis,0.6278398560184141,-0.22029778591931162
s__Moorea_producens,0.6395783139667343,-0.288471502981674
s__Mucispirillum_schaedleri,1.543815531860187,2.257106877954038
s__Oscillatoria_acuminata,0.6212644010330242,-0.15976272783572606
s__Synechococcus_sp._JA-3-3Ab,0.61817565420915,0.059090392156306244
s__Pseudanabaena_sp._PCC_7367,0.6881433401746166,-0.5250891458268475
s__Calditerrivibrio_nitroreducens,0.16047684409177615,-2.872430204014341
s__Deinococcus_geothermalis,-0.02680195099585592,-2.8773794471070873
s__Deinococcus_swuensis,-0.01025128927563035,-2.8759954090890023
s__Elusimicrobium_minutum,0.08500627251603708,-2.8822529157668413
s__Meiothermus_silvanus,-2.74056947081706,0.8974407747276588
s__Endomicrobium_proavitum,-1.5463136164095395,2.4566590906299233
s__Firmicutes_bacterium_M10-2,0.4594365875697453,-0.48152270037705197
s__Firmicutes_bacterium_ASF500,0.454765199791098,-0.46649002163889874
s__Gemella_sanguinis,-1.0986684288255464,-1.1786562719384301
s__Gemella_bergeri,-1.1876691660914118,-1.2264822973929634
s__Exiguobacterium_sibiricum,-1.1451800692526888,-1.2027936039698524
s__Amphibacillus_xylanus,-1.9531904241135027,-1.8880973671322783
s__Bacillus_acidiproducens,-2.0211875740173975,-1.7618302763491027
s__Anoxybacillus_gonensis,-1.9988635681411853,-1.558337975668833
s__Sporosarcina_newyorkensis,-1.452574868677254,-1.4468106911019245
s__Bacillus_thuringiensis,-1.991062393092206,-1.77232457586767
s__Bacillus_anthracis,-2.007729497094642,-1.772850758255741
s__Bacillus_amyloliquefaciens,-2.020531784022793,-1.6848524765649102
s__Bacillus_coagulans,-2.026725950581291,-1.6571825498458483
s__Bacillus_cereus,-1.9782177394900222,-1.759238141405365
s__Bacillus_endophyticus,-1.9756161092761777,-1.7185416060023833
s__Bacillus_dielmoensis,-2.042472464057259,-1.6619396600153067
s__Bacillus_gobiensis,-2.0003203143246036,-1.7439604935014623
s__Bacillus_licheniformis,-2.051698681605801,-1.6745001027531057
s__Bacillus_massiliosenegalensis,-2.0461946315124147,-1.7277881205741599
s__Bacillus_massiliogorillae,-2.0318617200221074,-1.705160728273593
s__Bacillus_megaterium,-2.0231927135290886,-1.7321956164538437
s__Bacillus_sp._OxB-1,-1.9735680160684794,-1.7396889411198682
s__Bacillus_methanolicus,-2.0543306288541356,-1.6901912898365887
s__Bacillus_mycoides,-1.994522803175367,-1.67738976941568
s__Bacillus_ndiopicus,-2.0354649777774267,-1.7481902360222683
s__Bacillus_smithii,-2.008888678064853,-1.6625976506490991
s__Bacillus_pumilus,-2.053434432632548,-1.7085922278859589
s__Bacillus_subtilis,-1.9831914972388378,-1.6957163565916868
s__Bacillus_timonensis,-2.001877034756608,-1.7126265069746822
s__Geobacillus_thermoleovorans,-1.9145861698389506,-1.8675151751121257
s__Geobacillus_subterraneus,-1.8805931986252216,-1.8444345397426805
s__Thermicanus_aegyptius,-1.6859615837323552,-2.127915943654904
s__Salimicrobium_jeotgali,-1.9211939785733856,-1.9040947641919517
s__Virgibacillus_halodenitrificans,-1.8818701506408433,-1.8761257177643549
s__Listeria_monocytogenes,-1.3768323961203661,-1.36109392512255
s__Listeria_newyorkensis,-1.3901352608654969,-1.3734172711851758
s__Gorillibacterium_sp._SN4,-1.616012886351857,-1.8602670321468642
s__Aneurinibacillus_sp._XH2,-1.6759183328911718,-1.9808045538083525
s__Brevibacillus_laterosporus,-1.7268806526883844,-1.946480251187107
s__Paenibacillus_odorifer,-1.7361038432736375,-2.063273173765294
s__Paenibacillus_bovis,-1.7567863174439255,-2.013896977504157
s__Paenibacillus_ihumii,-1.771925069288432,-2.046946987714855
s__Paenibacillus_glucanolyticus,-1.7332571261238003,-2.024602929479003
s__Paenibacillus_mucilaginosus,-1.7200151575621265,-2.044648488417566
s__Paenibacillus_macerans,-1.7562535989521952,-2.058546466538322
s__Solibacillus_silvestris,-1.667117001562484,-1.8953617694093656
s__Planococcus_antarcticus,-1.8606870338856523,-1.991581966161261
s__Paenibacillus_sp._JDR-2,-1.7374622149889278,-2.046710086608062
s__Paenibacillus_sp._IHBB_10380,-1.7586134801646864,-2.032248748973791
s__Paenibacillus_xylanexedens,-1.7772088636886487,-2.027029150624886
s__Macrococcus_caseolyticus,-1.5799478608896589,-1.4525748514515973
s__Jeotgalicoccus_psychrophilus,-1.5345086335151907,-1.5069866690459206
s__Salinicoccus_halodurans,-1.6680383537389618,-1.778052209846255
s__Staphylococcus_aureus,-1.7245594683066323,-1.5323608874829493
s__Staphylococcus_capitis,-1.7159836182251589,-1.6083094172325987
s__Staphylococcus_condimenti,-1.6560079272515744,-1.6460829453995234
s__Staphylococcus_epidermidis,-1.7366594985450559,-1.5521533473100593
s__Staphylococcus_equorum,-1.6487959990818994,-1.553134171594669
s__Staphylococcus_haemolyticus,-1.669840492016972,-1.5364019771145148
s__Staphylococcus_hominis,-1.6471302022815344,-1.6252720631331161
s__Staphylococcus_pseudintermedius,-1.7285865393324482,-1.5774164671597652
s__Staphylococcus_hyicus,-1.666747891324027,-1.5833087347797097
s__Staphylococcus_massiliensis,-1.7009626158825297,-1.5536963184429087
s__Staphylococcus_schleiferi,-1.6342912918761447,-1.5789566745862307
s__Staphylococcus_saprophyticus,-1.6802669640811934,-1.647992855131707
s__Staphylococcus_xylosus,-1.6961012621745197,-1.6301871277597377
s__Staphylococcus_simulans,-1.6339379465866652,-1.6062388523984303
s__Staphylococcus_succinus,-1.6939099190956153,-1.5925345852553254
s__Staphylococcus_warneri,-1.695706784531628,-1.5265049418257532
s__Risungbinella_massiliensis,-1.4497501157746515,-1.386598913599539
s__Granulicatella_adiacens,-1.1797498273468416,-1.7652151467509192
s__Abiotrophia_defectiva,-0.7719057335607457,-2.426626225031376
s__Aerococcus_viridans,-0.9342881862705755,-2.4658658546231
s__Facklamia_hominis,-0.7454106779513788,-2.390827640205056
s__Facklamia_ignava,-0.8945655339864779,-1.402524461238872
s__Facklamia_languida,-0.9062703509221804,-1.4163928252899667
s__Allofustis_seminis,-1.1127321017031386,-1.6293299221455186
s__Alloiococcus_otitis,-1.1843158838120365,-1.8066797784585198
s__Carnobacterium_inhibens,-0.8855676545996635,-2.451487929350851
s__Carnobacterium_maltaromaticum,-1.1289975935483323,-1.754193366261338
s__Dolosigranulum_pigrum,-1.1289520320246282,-1.679651034274315
s__Carnobacterium_sp._CP1,-0.8549375952432622,-2.4456743438624247
s__Granulicatella_elegans,-1.210784703126016,-1.8311757104686253
s__Enterococcus_columbae,-0.6839631871713726,-1.4104263539093225
s__Enterococcus_cecorum,-0.6966452215369754,-1.3667505947158294
s__Enterococcus_avium,-0.7083386989887696,-1.3958070110145688
s__Enterococcus_casseliflavus,-0.5934200709928267,-1.4116705131644423
s__Enterococcus_durans,-0.6607863379443853,-1.3981494104168815
s__Enterococcus_dispar,-0.6154622156274644,-1.395296065172361
s__Enterococcus_faecalis,-0.6380507450271635,-1.379961667843191
s__Enterococcus_faecium,-0.6107426381420838,-1.4232235207494246
s__Lactobacillus_antri,-0.6918004980469848,-1.8690587050928111
s__Enterococcus_italicus,-0.6699661469858955,-1.3696794187944503
s__Enterococcus_mundtii,-0.6410045526534887,-1.4193830822382143
s__Tetragenococcus_halophilus,-0.4955359940396315,-1.4679454213927352
s__Enterococcus_saccharolyticus,-0.720008675452228,-1.3747504919736842
s__Lactobacillus_acetotolerans,-0.614619934565123,-1.8558646300594657
s__Lactobacillus_acidophilus,-0.6330907333688092,-1.9253673418261799
s__Lactobacillus_mucosae,-0.6818914815523187,-2.053956788426396
s__Lactobacillus_fermentum,-0.6838398726775927,-1.9380024070746917
s__Lactobacillus_crispatus,-0.6073405137632683,-1.9755684930603499
s__Lactobacillus_coleohominis,-0.7424019902589459,-1.8670228735767112
s__Lactobacillus_buchneri,-0.6264924237466933,-2.017266792940719
s__Lactobacillus_brevis,-0.7012333616224332,-2.0192618223299283
s__Lactobacillus_delbrueckii,-0.728792750394534,-1.9289869165624487
s__Lactobacillus_curieae,-0.642273706414557,-1.9579885759294182
s__Lactobacillus_crustorum,-0.738123743325119,-1.9620319613272772
s__Lactobacillus_farciminis,-0.5989238242329675,-1.8770767539946913
s__Lactobacillus_gasseri,-0.7169663798991908,-1.8966993160848107
s__Lactobacillus_fructivorans,-0.7718690134599994,-1.9363830353846885
s__Lactobacillus_kefiranofaciens,-0.722586372059064,-1.8496096973175595
s__Lactobacillus_hokkaidonensis,-0.6152635762859927,-1.99729660886643
s__Lactobacillus_helveticus,-0.6956892046554713,-1.837823607344148
s__Lactobacillus_harbinensis,-0.6537372501370007,-1.9893784571375812
s__Lactobacillus_ginsenosidimutans,-0.7286831747513861,-2.0382895171958815
s__Lactobacillus_hilgardii,-0.6394037245277855,-2.036276603838364
s__Lactobacillus_iners,-0.6377074464501461,-1.8403184134563988
s__Lactobacillus_jensenii,-0.7483951586099831,-2.0193255610874576
s__Lactobacillus_lindneri,-0.6673595375434771,-1.8364636693856748
s__Lactobacillus_koreensis,-0.5944752440118628,-1.9044853694398722
s__Lactobacillus_mellifer,-0.6241172903430959,-1.8910775491176284
s__Lactobacillus_mellis,-0.6679648929751589,-2.0196155879817264
s__Lactobacillus_ruminis,-0.5964715150518186,-1.929271762540413
s__Lactobacillus_paracasei,-0.7668109290980418,-1.9112159190050284
s__Lactobacillus_parabuchneri,-0.6686236879875884,-1.9017546224103816
s__Lactobacillus_parabrevis,-0.7586115767574017,-1.887273268214682
s__Lactobacillus_paracollinoides,-0.6501512141559219,-1.8657989183644899
s__Lactobacillus_plantarum,-0.693256417169468,-1.9753419027227466
s__Lactobacillus_reuteri,-0.6006531953715134,-1.952960541166085
s__Lactobacillus_rhamnosus,-0.771343808114308,-1.964207858469379
s__Lactobacillus_salivarius,-0.6589395578193277,-2.050129142242292
s__Lactobacillus_sakei,-0.7628881226129914,-1.9925492143163854
s__Leuconostoc_lactis,-0.9066933647106405,-2.375445476710154
s__Lactobacillus_sanfranciscensis,-0.7056514285865596,-2.050854147760952
s__Lactobacillus_vaginalis,-0.7284935045301504,-1.9965792638262216
s__Pediococcus_claussenii,-0.7186205457061395,-2.2386072476851115
s__Pediococcus_acidilactici,-0.5633442027493523,-1.6732370728590436
s__Pediococcus_damnosus,-0.699701857411539,-2.241891470930732
s__Pediococcus_pentosaceus,-0.6822129312808315,-2.241012539213684
s__Sharpea_azabuensis,-0.5093406128528454,-1.6731729560319448
s__Leuconostoc_citreum,-0.8969044617104176,-2.387619441650591
s__Leuconostoc_carnosum,-0.8714438435025958,-2.3572034933822823
s__Leuconostoc_gelidum,-0.8738895307263432,-2.3766545267527768
s__Leuconostoc_kimchii,-0.8922045801269258,-2.3561034913588097
s__Leuconostoc_mesenteroides,-1.0874287348499627,-1.8528144112070086
s__Oenococcus_kitaharae,-0.8095801686353533,-2.3724556856644066
s__Weissella_cibaria,-0.963489787021783,-1.5337944308667446
s__Oenococcus_oeni,-1.0231701967791091,-1.6253839432261534
s__Weissella_ceti,-1.0027517165580397,-1.5242647915931586
s__Weissella_koreensis,-0.9961165145050089,-1.547852685876051
s__Weissella_paramesenteroides,-0.9763081215826915,-1.5119138801005747
s__Lactococcus_garvieae,-1.224347101920033,-2.0277918608409475
s__Lactococcus_lactis,-1.0528052648795565,-2.3870041908895105
s__Lactococcus_piscium,-1.2534143566340619,-2.0290991211515492
s__Streptococcus_anginosus,-1.1760185750258854,-2.2273508483836286
s__Streptococcus_agalactiae,-1.2983668919509215,-2.2553007141799157
s__Streptococcus_cristatus,-1.1696516035691913,-2.3217990476404746
s__Streptococcus_caballi,-1.2245825485525985,-2.1905708592804825
s__Streptococcus_gallolyticus,-1.2077386622179624,-2.2483316509257723
s__Streptococcus_dysgalactiae,-1.2045594054717783,-2.3242699243090668
s__Streptococcus_didelphis,-1.2215326695729565,-2.273847032471369
s__Streptococcus_entericus,-1.2491211234998185,-2.2781955050531337
s__Streptococcus_equi,-1.1989532532766463,-2.222796240349015
s__Streptococcus_gordonii,-1.1820994515430543,-2.2948808733877226
s__Streptococcus_infantis,-1.2002461717638553,-2.20202817771624
s__Streptococcus_halotolerans,-1.1843780485523887,-2.2671604293712826
s__Streptococcus_intermedius,-1.2503582062838394,-2.1883201221377355
s__Streptococcus_iniae,-1.2326779635465628,-2.2117744019570864
s__Streptococcus_mitis,-1.2725263827687343,-2.290150711917943
s__Streptococcus_massiliensis,-1.2257259116043073,-2.3187414793817673
s__Streptococcus_marimammalium,-1.302658552086664,-2.238015705437486
s__Streptococcus_merionis,-1.2640567258444788,-2.2147022039909547
s__Streptococcus_mutans,-1.1582141757672075,-2.308910826040218
s__Streptococcus_parasanguinis,-1.1567298277976006,-2.2698264066602594
s__Streptococcus_orisratti,-1.2061675204555353,-2.301510852038656
s__Streptococcus_ovis,-1.2353391810441483,-2.303208591648075
s__Streptococcus_pneumoniae,-1.2898523227070924,-2.273724940353045
s__Streptococcus_parauberis,-1.2728936250157667,-2.192401192781828
s__Streptococcus_plurextorum,-1.254953972976173,-2.303729768618921
s__Streptococcus_porci,-1.1651478278707534,-2.247962065823149
s__Streptococcus_pyogenes,-1.1549979489085784,-2.290346895738452
s__Streptococcus_sanguinis,-1.2730823702496183,-2.239987356321144
s__Streptococcus_thermophilus,-1.290057807506815,-2.2051994820360226
s__Streptococcus_suis,-1.2981267821882312,-2.2213516726044684
s__Streptococcus_sobrinus,-1.1861235476637055,-2.3249989013499377
s__Streptococcus_uberis,-1.2407281847784872,-2.241349594310342
s__Clostridium_sp._L2-50,-2.508522742230037,-0.13299526451871538
s__[Bacteroides]_pectinophilus,-0.9706265036531658,-0.11761425699898401
s__Clostridiales_bacterium_1_7_47FAA,-0.9644788178694117,-0.1444664591577874
s__Flavonifractor_plautii,-1.4840435232423277,-0.5743602282430074
s__Fenollaria_massiliensis,-1.4798196345335821,0.1984937613594126
s__Clostridium_butyricum,-2.477131034016314,-0.10935520571382273
s__Levyella_massiliensis,-1.5651279148039823,0.25199865339309213
s__Intestinimonas_massiliensis,-1.5547260094821465,-0.6033283105087556
s__Intestinimonas_butyriciproducens,-1.5160291702288489,0.21142721651023655
s__Gottschalkia_acidurici,-1.5177589810000058,-0.5998937644563729
s__Butyricicoccus_pullicaecorum,-2.620978511351087,-0.2316070655399237
s__Butyricicoccus_desmolans,-2.571677823880848,-0.28369794775171037
s__Alkaliphilus_metalliredigens,-2.3439111089998943,-0.27004149377799513
s__Clostridiaceae_bacterium_mt12,-1.2692553262959891,0.04390096811253245
s__Alkaliphilus_oremlandii,-2.368705637792322,-0.28821661639816354
s__Candidatus_Arthromitus_sp._SFB-rat-Yit,-2.609982101376295,-0.2592342882705561
s__Candidatus_Arthromitus_sp._SFB-mouse,-2.6008790770863635,-0.27125750415930777
s__Clostridium_baratii,-2.5448776034013973,-0.07963927566930737
s__Clostridium_aceticum,-2.4029840031041965,-0.06980986144320364
s__Clostridium_akagii,-2.4330236710468913,-0.02195765465982411
s__Clostridium_bornimense,-2.543855828841845,-0.10395013052640076
s__Clostridium_beijerinckii,-2.4037911250845916,-0.048203909393436814
s__Clostridium_botulinum,-2.4945770415039936,-0.08006275207615533
s__Clostridium_cadaveris,-2.411655796709939,-0.005974430066573723
s__Clostridium_celatum,-2.4953688647757932,-0.03669163856217162
s__Clostridium_carboxidivorans,-2.402434566849116,-0.02689360487827949
s__Clostridium_perfringens,-2.43547799595368,-0.054676310201117885
s__Clostridium_colicanis,-2.431057431808302,-0.09623660406673949
s__Clostridium_cellulovorans,-2.4339989455597753,-0.11972578535147342
s__Clostridium_kluyveri,-2.4833775410127723,-0.1351309490933351
s__Clostridium_intestinale,-2.4283875286636567,0.007184189400305058
s__Clostridium_neonatale,-2.531837811357198,-0.12142190210041497
s__Clostridium_paraputrificum,-2.4618174172980027,-0.021090710466192358
s__Clostridium_novyi,-2.468107967132802,0.004669137365667304
s__Clostridium_pasteurianum,-2.4090640335781774,-0.0930909405968668
s__Clostridium_sp._KLE_1755,-2.4866412432534375,-0.00621834387916108
s__Clostridium_phoceensis,-2.5058343267488983,-0.01758802929452503
s__Clostridium_sp._ASF356,-2.4709768244420682,-0.0522574354002544
s__Clostridium_saccharobutylicum,-2.5159633352959125,-0.05940738008552624
s__Clostridium_saccharoperbutylacetonicum,-2.447995889084828,0.008603256774466397
s__Clostridium_senegalense,-2.527239394842494,-0.08863169565162994
s__[Eubacterium]_eligens,-2.602195187660224,-0.5381692233292202
s__Eubacterium_ramulus,-2.5924936706747133,-0.568917294704699
s__Clostridium_sp._M62/1,-2.522905760687781,-0.03616169384772222
s__Hungatella_hathewayi,-2.4320617509036655,-0.31150812825532465
s__Clostridium_sp._SY8519,-2.510402806653965,-0.11034961597964088
s__Clostridium_sp._ND2,-2.5370270843307745,-0.05785618004259117
s__Clostridium_sp._mt5,-2.457194287271266,-0.08327163838559304
s__Desnuesiella_massiliensis,-2.529964968836488,-0.30467921047261537
s__Clostridium_tyrobutyricum,-2.457218293676945,-0.1292171306920243
s__Eubacterium_plexicaudatum,-2.580388261278436,-0.5524819533242228
s__[Eubacterium]_brachy,-1.0109274768776637,-0.26046759311023376
s__Proteiniclasticum_ruminis,-2.4835289184227913,-0.31189098517344255
s__[Eubacterium]_saphenum,-1.0074302446487504,-0.22071016491590126
s__[Eubacterium]_sulci,-1.0167701939298723,-0.2858649027457078
s__Anaerofustis_stercorihominis,-2.0938943199793023,-0.7121380131673326
s__Eubacterium_limosum,-2.6037057377528328,-0.5215009647606792
s__Eubacterium_ventriosum,-2.5600377463466444,-0.5181481837678166
s__Eubacterium_sp._3_1_31,-2.6021648006984144,-0.5559542644472164
s__Eubacterium_sp._14-2,-2.5725867380902567,-0.5347158256936302
s__[Eubacterium]_cellulosolvens,-2.574564663061724,-0.506961166849589
s__Eubacterium_xylanophilum,-2.5927890764958472,-0.5087932929270835
s__[Eubacterium]_rectale,-1.273167568979816,-0.15759731526512052
s__Pseudoramibacter_alactolyticus,-2.127887410031113,-0.8521689161440209
s__Heliobacterium_modesticaldum,-2.6546443657494954,-0.3957102863314386
s__Lachnospiraceae_bacterium_3-1,-1.2720115731317423,-0.18555389507942127
s__Lachnospiraceae_bacterium_2_1_46FAA,-1.235356878356623,-0.22722921387500564
s__Lachnospiraceae_bacterium_10-1,-1.2730988364105846,-0.12991490925524377
s__Lachnospiraceae_bacterium_28-4,-1.2101688519221914,-0.15559497978593373
s__Lachnospiraceae_bacterium_COE1,-1.2686349052273007,-0.21346895233349322
s__Lachnospiraceae_bacterium_A2,-1.2531726977587803,-0.08038850599420894
s__Lachnospiraceae_bacterium_3-2,-1.26896571072565,-0.10055595255107184
s__Lachnospiraceae_bacterium_AB2028,-1.2307773282477592,-0.07996808451917363
s__Lachnospiraceae_bacterium_A4,-1.2376275845020384,-0.14069806567752471
s__Lachnospiraceae_bacterium_AC3007,-1.240544432141568,-0.20479351962732928
s__Lachnospiraceae_bacterium_AC2014,-1.239473100220355,-0.1720045401377145
s__Lachnospiraceae_bacterium_C6A11,-1.243917951402341,-0.11066579269222744
s__Lachnospiraceae_bacterium_AD3010,-1.2565338979251077,-0.23574453743742424
s__Lachnospiraceae_bacterium_M18-1,-1.2158748901094167,-0.0984352649091571
s__Lachnospiraceae_bacterium_oral_taxon_500,-1.2099216078404964,-0.1240641763118185
s__Lachnospiraceae_bacterium_mt14,-1.217106284580208,-0.19040973348271498
s__Anaerostipes_hadrus,-1.9447112749564963,-0.1364983861624885
s__Anaerostipes_caccae,-1.9080061930041987,-0.15530980124522012
s__Blautia_hansenii,-1.9080156145150549,0.022900948055455273
s__Coprococcus_sp._HPP0048,-1.8837896246973378,-0.2900676228945073
s__Blautia_obeum,-1.901323185857544,0.0868196856143174
s__Blautia_hydrogenotrophica,-1.9344173544221706,0.016607766653165056
s__Blautia_sp._KLE_1732,-1.9128884996621767,0.10913941472185083
s__Blautia_producta,-1.9274126583634255,0.07970643095682237
s__Blautia_schinkii,-1.8958893561763,0.052562514772874484
s__[Ruminococcus]_torques,-1.933039330619393,0.049333427161345374
s__Butyrivibrio_crossotus,-1.762391282118159,0.1482167382714837
s__Coprococcus_comes,-1.8592020095292103,-0.2729611932770226
s__Butyrivibrio_proteoclasticus,-1.8053474016477054,0.1536204932884779
s__Butyrivibrio_hungatei,-1.7790447829413643,0.12255718680974918
s__Butyrivibrio_fibrisolvens,-1.7255237776235903,0.11312270580991587
s__Butyrivibrio_sp._MC2013,-1.739298466788866,0.13538026137369188
s__Butyrivibrio_sp._NC2002,-1.7523782351567712,0.10472290613053395
s__Catonella_morbi,-1.819776992452215,-0.35584300592647466
s__Butyrivibrio_sp._NC3005,-1.7859768448512796,0.15607203037849832
s__Cellulosilyticum_lentocellum,-1.9444015959197707,-0.2057407802333237
s__Coprococcus_eutactus,-1.8859420715626958,-0.25603688496038723
s__Dorea_longicatena,-1.764992627263876,-0.28125445705773355
s__Dorea_sp._5-2,-1.6295878413196023,-0.014352666403704443
s__Johnsonella_ignava,-1.7286485721048432,-0.4103141342083235
s__Lachnoanaerobaculum_sp._OBRC5-5,-1.7935532275067738,-0.026442987566548098
s__Lachnoanaerobaculum_saburreum,-1.8993612941874296,-0.08556132108161582
s__[Clostridium]_asparagiforme,-1.644347517503753,-0.16270179344376492
s__Lachnoclostridium_phytofermentans,-1.7161756404699986,-0.14384137564445176
s__Roseburia_intestinalis,-1.6939844353456825,0.011718133682446044
s__[Clostridium]_bolteae,-1.7149859036070714,-0.18078264121818377
s__[Clostridium]_citroniae,-1.6829489599635765,-0.1145794654820498
s__[Clostridium]_saccharolyticum,-1.6781397944956267,-0.1538149790985148
s__[Clostridium]_hylemonae,-1.6533040081743646,-0.1970731160351424
s__[Clostridium]_scindens,-1.6840480179949986,-0.20247117078352564
s__[Clostridium]_symbiosum,-1.650319291264391,-0.12393056322735645
s__Oribacterium_parvum,-1.6666810486425443,-0.364071013453765
s__Oribacterium_sinus,-1.6583112832049671,-0.3934100370362812
s__Oribacterium_sp._oral_taxon_078,-1.637905860061182,-0.37408179810568254
s__Roseburia_hominis,-1.8198087698151888,-0.08105912098231723
s__Tyzzerella_nexilis,-1.6123552457904033,-0.3109311303548075
s__Stomatobaculum_longum,-1.6348523986201544,0.05206312686958105
s__Shuttleworthia_satelles,-1.762253709507643,-0.3646305612394788
s__Oscillibacter_sp._KLE_1745,-1.9608854296273237,-0.7640669437337205
s__Oscillibacter_ruminantium,-1.9427126032311322,-0.7843772716613402
s__Oscillibacter_sp._1-3,-1.9708681422077827,-0.7870004208165519
s__Clostridioides_difficile,-2.0018323652907433,-0.5748534245328855
s__Oscillibacter_valericigenes,-1.9223226962298459,-0.7720569556311443
s__Dehalobacter_restrictus,-2.228683435159667,0.2110301284923226
s__Desulfitibacter_alkalitolerans,-2.188222866972499,-0.3848864670497185
s__Desulfosporosinus_acidiphilus,-2.1586759278022902,-0.4234325954497615
s__Desulfotomaculum_acetoxidans,-2.141193754697722,0.22945332446331107
s__Desulfotomaculum_gibsoniae,-2.1691976362647836,-0.28441994937080506
s__Desulfotomaculum_nigrificans,-2.1599309098834816,0.2230854607269432
s__Desulfotomaculum_reducens,-2.177994681215754,0.21534022078374793
s__Peptostreptococcaceae_bacterium_oral_taxon_113,-1.1072827280888065,-0.38944610115419737
s__[Clostridium]_hiranonis,-1.0937759683555466,-0.37449588225331537
s__Acetoanaerobium_sticklandii,-1.790438727294216,-0.6948180454518577
s__Filifactor_alocis,-1.8706926281996046,-0.6455348906752806
s__Intestinibacter_bartlettii,-1.7688925440065535,-0.661638345767911
s__Ruminococcus_bicirculans,-2.4521593920127973,-0.7495260222494738
s__Ruminococcaceae_bacterium_D16,-1.237423839992609,-0.4565829771997254
s__[Clostridium]_dakarense,-2.1470633183086387,0.13833357356331671
s__Peptostreptococcus_anaerobius,-1.8310297276932739,-0.6720843951047175
s__[Eubacterium]_yurii,-1.9251616746142535,-0.5910882055193085
s__Peptoanaerobacter_stomatis,-2.1527997127711505,0.07605993747359248
s__Peptoclostridium_acidaminophilum,-1.9623957465830397,-0.6270932637832265
s__Terrisporobacter_glycolicus,-2.0409423016979718,-0.5306595703888883
s__Faecalibacterium_prausnitzii,-2.369196177485205,-0.5799193053086211
s__Anaerotruncus_colihominis,-2.3035610295515694,-0.5948760570462117
s__Anaeromassilibacillus_senegalensis,-2.400811688798847,-0.8414531475007784
s__Acetivibrio_cellulolyticus,-2.3682083038192348,-0.8486608429704974
s__Bittarella_massiliensis,-2.4096194966723465,-0.622896506981238
s__Anaerotruncus_sp._G3(2012),-2.2977713025630346,-0.5755654496461482
s__Ethanoligenens_harbinense,-2.363217825096101,-0.6413620314593687
s__Fournierella_massiliensis,-2.235663300978794,-0.6117163450238683
s__Phocea_massiliensis,-2.2750718677992765,-0.8728005784206098
s__Mageeibacillus_indolicus,-2.331352099804184,-0.8663547269467505
s__[Clostridium]_leptum,-2.2960845828775853,-0.7356938465594758
s__[Clostridium]_cellulolyticum,-2.245802750126569,-0.7269544735802459
s__Ruminiclostridium_thermocellum,-2.2453854546952425,-0.7834794128886248
s__[Clostridium]_cellulosi,-2.2693702632176542,-0.7570442260531859
s__[Clostridium]_clariflavum,-2.2885408965148963,-0.7884848095193984
s__[Eubacterium]_siraeum,-2.271542955196439,-0.7191158257712482
s__[Clostridium]_methylpentosum,-2.2640848072279955,-0.7976118324099264
s__[Clostridium]_sporosphaeroides,-2.301892729458082,-0.7650955554358265
s__[Clostridium]_stercorarium,-2.2388876442325474,-0.7557481698919372
s__Ruminococcus_albus,-2.4712617786026443,-0.7756857042193883
s__Ruminococcus_lactaris,-2.4540582050738102,-0.7829482576343318
s__Ruminococcus_callidus,-2.491212321545011,-0.7475517544491298
s__Ruminococcus_champanellensis,-2.4804718361095213,-0.7606852208532178
s__Ruminococcus_flavefaciens,-2.4416096616621745,-0.7665496647144776
s__Ruminococcus_gauvreauii,-2.492417031202321,-0.7293761808941439
s__Dielma_fastidiosa,-0.31308350182297134,-0.10127418535890152
s__Ruminococcus_sp._AT10,-2.4532653487647087,-0.7298881674415226
s__Candidatus_Stoquefichus_sp._SB1,-0.4007709130051237,-0.028860292038210673
s__Subdoligranulum_variabile,-2.4546929644124504,-0.6457171127555105
s__Ruminococcus_sp._FC2018,-2.4747608391336513,-0.7252344419332537
s__Syntrophomonas_wolfei,-2.0482357373632185,-0.846825778682291
s__Symbiobacterium_thermophilum,-2.639037936488852,-0.4231281031795614
s__Halanaerobium_hydrogeniformans,-2.6468747551562126,0.29499101014900475
s__Acetohalobium_arabaticum,-1.00928412692905,-0.6505835033948703
s__Halothermothrix_orenii,-2.47662955124373,-1.1135937823654443
s__Caldanaerobius_polysaccharolyticus,-2.5535878188798855,0.3551886544951118
s__Halonatronum_saccharophilum,-2.509270335408195,-1.0960342687558577
s__Thermacetogenium_phaeum,-2.5583887328524577,-1.05096099583556
s__Thermoanaerobacter_wiegelii,-2.7151423714335747,0.22117584308983754
s__Thermodesulfobium_narugense,-2.685855582449352,0.2621173727820667
s__Mahella_australiensis,-2.427295666956588,-1.1313917286428354
s__Thermosediminibacter_oceani,-2.6006341855878907,0.3321612939599828
s__[Eubacterium]_dolichum,0.0039134908581010324,-0.3157517541023171
s__Allobaculum_stercoricanis,-0.23610958035469323,-0.3418010534701433
s__Erysipelatoclostridium_ramosum,-0.28405686416238213,-0.2451251688956544
s__Eggerthia_catenaformis,-0.359609282339887,-0.1533836999065179
s__Holdemanella_biformis,-0.2772937071629388,-0.1428582238391536
s__[Clostridium]_innocuum,-0.31484120490842804,-0.26408953090864035
s__[Clostridium]_spiroforme,-0.31688331027746347,-0.2323445915186984
s__[Clostridium]_saccharogumia,-0.2922361217692766,-0.28210031248462236
s__Faecalitalea_cylindroides,-0.3724932203152937,-0.09311585719199747
s__Erysipelothrix_rhusiopathiae,-0.36129124192199685,-0.05040513387829692
s__Megamonas_funiformis,-2.3541205551556685,-1.3859572060200482
s__Holdemania_massiliensis,-0.23079791127651816,-0.20437791317753917
s__Phascolarctobacterium_succinatutens,-2.4333395354363416,-1.4044080447307168
s__Solobacterium_moorei,-0.2094071778777257,-0.29785659607244647
s__Acidaminococcus_fermentans,-0.5279788343382353,-0.715324078279181
s__Acidaminococcus_intestini,-2.4158957796362808,-1.4224856152595395
s__Succinispira_mobilis,-2.6788139323722806,0.45921793460998195
s__Centipeda_periodontii,-0.5088506916760419,-0.19765842962256436
s__Fusobacterium_mortiferum,1.4624428294366612,2.1367907559442534
s__Megamonas_hypermegale,-0.3887748518370634,-0.8400665398900599
s__Mitsuokella_sp._oral_taxon_131,-0.43167591553885243,-0.5612705327275033
s__Mitsuokella_multacida,-0.10240359118417162,-0.9355561800210831
s__Selenomonas_bovis,-0.21935609095915073,-0.9337852124577097
s__Selenomonas_artemidis,-0.24117440491454278,-0.9206048677344052
s__Selenomonas_flueggei,-0.16513953999096592,-0.9558278430841355
s__Selenomonas_noxia,-0.18618736716926834,-0.9547833452454788
s__Dialister_invisus,-0.3218652788143791,-0.74431495175629
s__Selenomonas_sputigena,-0.19425064634822697,-0.9322749149517401
s__Selenomonas_ruminantium,-2.3045453674199954,-1.3743269823148776
s__Pelosinus_fermentans,-2.597235601116213,0.5073482082162541
s__Anaeroglobus_geminatus,-0.09668009224307177,-0.7861019286073277
s__Megasphaera_micronuciformis,-0.14816096098085013,-0.6971037913361128
s__Dialister_micraerophilus,-2.335833253734229,-1.4186268546551264
s__Dialister_succinatiphilus,-0.2658718413866311,-0.7472946302627563
s__Megasphaera_elsdenii,-0.12680613373071006,-0.7293337723067577
s__Megasphaera_massiliensis,-0.1488141413395478,-0.7229154607214875
s__Veillonella_parvula,-0.3153407981506065,-0.6486988322069686
s__Veillonella_montpellierensis,-0.31533583307458607,-0.6693877627693552
s__Veillonella_magna,-0.2461565262952685,-0.6535842393902489
s__Veillonella_seminalis,-0.2755508114847857,-0.6577380847048034
s__Kallipyga_massiliensis,-0.017431087666498642,-0.4870003506376795
s__Anaerococcus_lactolyticus,-1.1487885105245914,0.5317981933103362
s__Anaerococcus_obesiensis,-0.7186254891657498,0.22408360214867745
s__Anaerococcus_pacaensis,-0.9293991951226668,0.39936560582512337
s__Parvimonas_micra,-0.593532759566251,-0.4050466526606605
s__Anaerococcus_provenciensis,-1.031251793402208,0.46684979612235816
s__Anaerococcus_prevotii,-1.2924365891746907,0.5900128291304191
s__Finegoldia_magna,-0.5929784686171904,-0.2636799649693955
s__Helcococcus_kunzii,-2.4636122921272614,-1.3091819275762482
s__Peptoniphilus_duerdenii,-2.4933381942733286,-1.2613972414372336
s__Peptoniphilus_grossensis,-2.2374236566088355,0.6095260235817136
s__Peptoniphilus_indolicus,-2.317073964888302,0.5959307610973246
s__Peptoniphilus_lacrimalis,-2.37900665519197,0.5824982892943552
s__Peptoniphilus_sp._ING2-D1G,-2.481606712725177,-1.2674283946799252
s__Peptoniphilus_senegalensis,-2.34962161785596,0.5892375339859373
s__Peptoniphilus_obesi,-2.1861372678201865,0.6166266159218814
s__Cetobacterium_somerae,1.3491657934304406,-2.0586210487143273
s__Peptoniphilus_timonensis,-2.2802298758486166,0.6026621650035409
s__Klebsiella_pneumoniae,0.3638521039664598,2.5166653788572546
s__Fusobacterium_nucleatum,-1.4276256675648933,2.4127038898853184
s__Fusobacterium_periodonticum,-1.4359933551924295,2.4014741160953137
s__Fusobacterium_perfoetens,1.4634170318720525,2.1189400641961402
s__Fusobacterium_ulcerans,-1.4355827744134135,2.386767439326909
s__Fusobacterium_russii,0.49242337098429406,-0.8553531015457857
s__Aeromonas_veronii,0.6677813413263556,2.649723821234448
s__Parasutterella_excrementihominis,-0.888002344877758,1.7162979103186082
s__Leptotrichia_shahii,1.2551884316235407,-1.897528640794215
s__Leptotrichia_buccalis,1.4666405203774335,2.0503199252626243
s__Leptotrichia_goodfellowii,-1.3944269441020274,2.462220812517829
s__Leptotrichia_wadei,1.21949365754069,-1.8421212213530394
s__Leptotrichia_sp._oral_taxon_212,1.1711228633540813,-1.7687290999428842
s__Sneathia_amnii,-1.4017882727173083,2.500248538190742
s__Streptobacillus_moniliformis,-1.4313834616007834,2.4770098119992405
s__Kiritimatiella_glycovorans,1.464682079205704,2.391279764772224
s__Acidovorax_ebreus,-1.0032362054124813,2.1135653604873728
s__Burkholderiales_bacterium_GJ-E10,0.35477994618101344,0.8111530197931535
s__Candidatus_Puniceispirillum_marinum,0.4349429037271246,0.8922242569708626
s__Brevundimonas_sp._DS20,0.12176931379948247,0.7348469842383127
s__Caulobacter_vibrioides,0.23544382488168925,0.9087513595086626
s__Bradyrhizobium_elkanii,-0.47618251836786063,2.708498672192417
s__Martelella_sp._AD-3,0.014268211491768046,1.1007057947168875
s__Methyloceanibacter_caenitepidi,0.1994377372255945,0.7678902159988383
s__Bradyrhizobium_diazoefficiens,-0.48362673284270613,2.69420945521063
s__Rhodopseudomonas_palustris,0.4332019873684985,1.141352309427327
s__Hoeflea_sp._108,-0.03415748041563062,1.191506567357928
s__Ochrobactrum_pseudogrignonense,0.1562560537619651,1.073888732345793
s__Shinella_sp._HZN7,0.12955360246317799,1.159300007194639
s__Rhizobium_etli,0.06220934635402857,1.181364530499869
s__Candidatus_Liberibacter_americanus,0.38693981563727065,1.0973506301175089
s__Rhodobacteraceae_bacterium_PD-2,0.5253681379963386,0.7690987395015925
s__Azospirillum_brasilense,0.2947852020844846,1.06859737827162
s__Candidatus_Endolissoclinum_faulkneri,-0.48888808789704874,2.756512154563569
s__Magnetospirillum_magneticum,0.33473369331056274,1.0959601200667013
s__Rhodospirillum_rubrum,0.2670854025357518,1.1416109230367433
s__Thalassospira_xiamenensis,-0.5264238245456176,2.7427560385158305
s__Novosphingobium_resinovorum,0.10502353432665074,0.9518750163902232
s__Novosphingobium_sp._MBES04,-0.51484628392019,2.6482530170359375
s__Sphingobium_yanoikuyae,0.08970073178846928,0.8862617057920028
s__Sphingomonas_melonis,0.06478197621885362,0.8436936825021465
s__Sphingopyxis_macrogoltabida,0.02058772139865554,0.9453655091013532
s__Candidatus_Accumulibacter_phosphatis,-0.17315446750544125,1.3311737949082305
s__Achromobacter_xylosoxidans,-0.8560135267407898,1.863437790078268
s__Roseateles_depolymerans,-0.47428086554249155,1.5281732188729444
s__Thiomonas_arsenitoxydans,-0.49416705062822897,1.5694085836537146
s__Thiomonas_sp._FB-6,-0.4673228829299205,1.580666229518236
s__Oligella_ureolytica,-0.686522131107793,2.2057674506989304
s__Bordetella_petrii,-0.7847123707523812,2.22441056116147
s__Advenella_mimigardefordensis,-0.9188143800177047,2.2284095534349353
s__Alcaligenes_faecalis,-0.828581299731472,1.7827472370674873
s__Bordetella_parapertussis,-0.8304715185958476,2.2325276791355906
s__Bordetella_hinzii,-0.7610747747583896,2.223259084653917
s__Bordetella_sp._FB-8,-0.8063871807345515,2.2347491128938555
s__Lautropia_mirabilis,-0.6739849865112746,1.980531890148967
s__Burkholderia_gladioli,-0.622619745795843,1.9936992074332376
s__bacterium_endosymbiont_of_Mortierella_elongata_FMR23-6,0.3656904880688537,0.9280859689769297
s__Cupriavidus_basilensis,-0.609086399643327,2.064016666912498
s__Cupriavidus_gilardii,-0.5957670487145086,2.038814173870024
s__Ralstonia_mannitolilytica,-0.70603271337591,1.9027995422091248
s__Pandoraea_pnomenusa,-0.6246720889201097,2.119699942012205
s__Ralstonia_solanacearum,-0.7347905763930175,1.8949849437517097
s__Acidovorax_avenae,-1.0005405659749094,2.0847722348284896
s__Oxalobacter_formigenes,-0.5522612955575666,1.7735765966847972
s__Comamonas_aquatica,-0.8910425561496124,2.0649732953593114
s__Acidovorax_sp._RAC01,-0.9858992893050366,2.120049029316937
s__Alicycliphilus_denitrificans,-0.9279761879049478,1.9594940720379659
s__Comamonas_testosteroni,-0.9228631341183681,2.061251882252541
s__Comamonas_sp._B-9,-0.9031820837438909,2.09574077958775
s__Ottowia_sp._oral_taxon_894,-0.7965778179420612,2.090810384719867
s__Curvibacter_sp._PAE-UM,-0.8500541939211251,2.0061311049841826
s__Delftia_acidovorans,-0.9765084926390895,1.9593788675479704
s__Variovorax_sp._URHB0020,-0.9955210740339914,2.008986377142155
s__Massilia_sp._NR_4-1,-0.6239106792476079,1.7216328215788326
s__Janthinobacterium_sp._B9-8,-0.5767641132408013,1.8328290486423953
s__Janthinobacterium_sp._Marseille,-0.563695347833924,1.855957778323348
s__Massilia_putida,-0.6894112479978896,1.7004943212108532
s__Massilia_sp._WG5,-0.6547529519501835,1.7062243044368444
s__Noviherbaspirillum_massiliense,-0.6784955432140173,1.7719871629496715
s__Sutterella_parvirubra,-0.9320165472305642,1.7815425711354764
s__Sutterella_wadsworthensis,-0.9439888254012813,1.8073239666684673
s__Kingella_denitrificans,-0.6684224976626952,2.505003040731629
s__Methylophilales_bacterium_MBRSF5,0.40929478520979723,0.7319815247777902
s__Candidatus_Methylopumilus_planktonicus,-0.6136329713471693,1.4624528929439677
s__Methylobacillus_flagellatus,-0.9441421111266397,2.4850894869105438
s__Methylovorus_glucosotrophus,-0.6805126160857081,1.4847878226188205
s__Methylophilus_sp._5,-0.9135357250323806,2.5847332440840387
s__Eikenella_corrodens,-0.7264379684444999,2.6370199869309245
s__Bilophila_wadsworthia,-0.33186573191395136,0.953178205539043
s__Kingella_oralis,-0.6964964135569374,2.4839058305696766
s__Kingella_kingae,-0.7250451953517663,2.477193598743551
s__Neisseria_elongata,-0.7253155209162041,2.5705419036602604
s__Neisseria_bacilliformis,-0.7644448309915449,2.5628259492561996
s__Neisseria_mucosa,-0.7654019945369932,2.586998504179747
s__Neisseria_lactamica,-0.7433226466856704,2.5585391370758086
s__Neisseria_gonorrhoeae,-0.7146352996592022,2.589063655732425
s__Neisseria_meningitidis,-0.7009015070667106,2.5731315391138807
s__Simonsiella_muelleri,-0.818307620628653,2.515121619362035
s__Neisseria_weaveri,-0.7459034577922216,2.5922953058812994
s__Dechloromonas_agitata,-0.9690512813925733,2.42830837770259
s__Snodgrassella_alvi,-0.8276808466664879,2.576631140714376
s__Azospira_oryzae,-0.8476745701381254,1.5333625403238205
s__Nitrosomonas_communis,-0.9524063862214918,2.554497891388349
s__Vitreoscilla_sp._SN6,-0.6512548345535467,2.469647416298246
s__Methyloversatilis_thermotolerans,-0.8975972542884084,1.5572689887526794
s__Thauera_humireducens,-0.9679530902347092,2.390190088216577
s__Desulfarculus_baarsii,1.1942391194453577,1.8977449131567006
s__Desulfococcus_multivorans,-1.0538220017894855,2.5770261303474684
s__Desulfobacter_postgatei,-0.6432326089018964,1.1408591161955757
s__Desulfocurvus_vexinensis,-0.28180022234870467,1.1093836925874367
s__Desulfovibrio_desulfuricans,-0.46457342823630376,1.07679440211023
s__Desulfovibrio_aespoeensis,-0.4145001117981661,1.0872942261818277
s__Desulfovibrio_alaskensis,-0.4053237869783324,1.034250524728225
s__Campylobacter_concisus,-1.1155849573731973,2.4244515960821365
s__Desulfovibrio_piger,-0.44083988676707125,1.103390126737255
s__Desulfovibrio_fairfieldensis,-0.38685009754557736,1.0613573253051822
s__Desulfovibrio_gigas,-0.43680174059989835,1.0342035951665116
s__Desulfovibrio_vulgaris,-0.39199517584385085,1.1028872506382341
s__Desulfovibrio_sp._U5L,-0.44485567164499057,1.0593507715715573
s__Lawsonia_intracellularis,-0.282957031515133,1.0097326014109436
s__Desulfurella_acetivorans,-0.04624969380447928,0.7320894462826444
s__Syntrophobacter_fumaroxidans,-0.18644881061081384,0.8110148462219612
s__Pelobacter_propionicus,-0.7318610925008289,2.7415294650349415
s__Geoalkalibacter_subterraneus,-0.6129340743301674,2.750356892745014
s__Syntrophus_aciditrophicus,-0.11973216557051816,0.7853043663321336
s__Vulgatibacter_incomptus,-0.18087698194234178,0.886042072795043
s__Campylobacter_coli,-0.8295313244726111,1.3393196083361398
s__Campylobacter_hominis,-0.8462538596103618,1.3553084184775148
s__Campylobacter_curvus,-1.128768678448066,2.3691473644787786
s__Campylobacter_gracilis,-1.1202468621582602,2.406689731931141
s__Campylobacter_ureolyticus,-1.1332571960552251,2.3493309576226853
s__Campylobacter_iguaniorum,-0.8097136627062237,1.3295189703017
s__Campylobacter_jejuni,-0.7891520795396162,1.3246519648952046
s__Campylobacter_upsaliensis,-1.1245245036675497,2.3882427223835982
s__Helicobacter_pylori,-0.3836147562271014,1.3710546935281842
s__Helicobacter_canadensis,-1.0172209661384704,2.5952971178966453
s__Helicobacter_typhlonius,1.2329702358944021,2.1334385342699966
s__gamma_proteobacterium_HdN1,0.7159974841384603,1.2057998716885938
s__gamma_proteobacterium_HTCC5015,0.7067236186530511,1.193378787953495
s__Aeromonas_hydrophila,0.656994346124897,2.6342780572830278
s__Aeromonas_salmonicida,0.6811480712060888,2.630711867043469
s__Aeromonas_schubertii,0.667949841119119,2.6143921955962273
s__Succinivibrionaceae_bacterium_WG-1,0.7503005563678691,1.3390732196073365
s__Succinatimonas_hippei,0.7883170611557035,2.631301109008529
s__Cardiobacterium_hominis,0.05456657126706486,1.8910345373709794
s__Shewanella_oneidensis,0.5633412619013336,2.6778566314006564
s__Pseudoalteromonas_luteoviolacea,-0.07265800410743879,1.935382183903289
s__Moritella_viscosa,-0.03984979153330756,1.87822940800911
s__Catenovulum_maritimum,0.5068510226946416,2.7159618010560918
s__Alteromonas_australica,0.7273082151906074,2.6617263299782237
s__Shewanella_algae,0.5628791665775547,2.694815290352759
s__Shewanella_denitrificans,0.5476699715441156,2.686108004391007
s__Cardiobacterium_valvarum,0.4502092101776015,2.73296327521299
s__Cellvibrio_sp._BR,1.0217773457962578,2.4981414659312926
s__Lamprocystis_purpurea,-0.27513128754019006,2.6645235826415328
s__Congregibacter_litoralis,-0.032071948107806995,1.7662156279321588
s__Allochromatium_vinosum,0.5870733952560445,2.550752702221716
s__Thioalkalivibrio_sulfidiphilus,-0.24799943904636645,2.7168784784869646
s__Thioalkalivibrio_sp._ALJ24,-0.23707278517888034,2.728208408664184
s__Halothiobacillus_neapolitanus,0.36729180369940373,1.6100338349306829
s__Plesiomonas_shigelloides,0.18526396025208636,2.009258397478456
s__Pragia_fontium,0.3484810315119118,2.663868454532595
s__Escherichia_coli,0.23039769032635596,2.3735074009295625
s__Enterobacter_cloacae,0.4084858845744653,2.4107267936188426
s__Cronobacter_sakazakii,0.3147345940599209,2.1933521260440814
s__Citrobacter_amalonaticus,0.38644945380879303,2.2748989764431276
s__Cedecea_neteri,0.4179107340931968,2.3335593703408892
s__Plautia_stali_symbiont,0.6694436567850603,1.4866393351894567
s__Enterobacteriaceae_bacterium_B14,0.650014406411464,1.4826638414598448
s__Candidatus_Regiella_insecticola,0.2853331458282335,2.460268558671071
s__Citrobacter_freundii,0.3747072537806916,2.253218367784453
s__Enterobacter_sp._638,0.4001470600550091,2.4453187096745146
s__Enterobacter_lignolyticus,0.38683463408199176,2.4248866069065267
s__Klebsiella_oxytoca,0.3378009772223586,2.503458764931504
s__Franconibacter_pulveris,0.19815035486518723,2.3143805997346383
s__Kluyvera_intermedia,0.24053649151614523,2.432551228678836
s__[Enterobacter]_aerogenes,0.34048710643434965,2.524826382204425
s__Pluralibacter_gergoviae,0.26497744928605016,2.293645745019908
s__Kosakonia_sacchari,0.2395240248655242,2.196421079057241
s__Salmonella_enterica,0.20670069351830284,2.2460851336049883
s__Shigella_dysenteriae,0.31661646780100333,2.3669759164825894
s__Shigella_flexneri,0.33899414019577084,2.343971712688592
s__Proteus_mirabilis,0.1415563323330575,2.5893707933767196
s__Obesumbacterium_proteus,0.2783018683312077,2.7218705795650218
s__Erwinia_tracheiphila,-0.11347068431523843,2.3908097380652356
s__Shimwellia_blattae,0.29926000089167826,2.236953239942486
s__Erwinia_toletana,-0.10270539690068359,2.3651073438860286
s__Erwinia_billingiae,-0.13453147357516293,2.3787742767673605
s__Erwinia_amylovora,-0.08129144083321317,2.384336485901681
s__Buchnera_aphidicola,-0.10504262210109247,2.30911413393814
s__Edwardsiella_ictaluri,0.313564929544238,2.6991535688884634
s__Pantoea_agglomerans,-0.1511942644636261,2.4799687339734997
s__Candidatus_Pantoea_carbekii,-0.13037235727399854,2.51549232935806
s__Pantoea_sp._PSNIH2,-0.1510939426009509,2.525736890288335
s__Pantoea_ananatis,-0.15934223000731934,2.501793802995671
s__Pantoea_rwandensis,-0.12513873125304772,2.4900766761172126
s__Tatumella_morbirosei,-0.04493074236254749,2.4724910222761842
s__Morganella_morganii,0.19993029692277298,2.7114437126606954
s__Rodentibacter_pneumotropicus,0.759099309449762,2.353140022329716
s__Providencia_rettgeri,0.09713776046583042,2.5232761944021456
s__Providencia_stuartii,0.0918703012084318,2.4975320210165592
s__Providencia_sneebia,0.08007000127118191,2.456949154112644
s__Xenorhabdus_poinarii,0.21915541662331275,2.6588520018861757
s__Xenorhabdus_bovienii,0.20199030897522918,2.655324957195691
s__Xenorhabdus_doucetiae,0.2001524742929506,2.6357095110876654
s__Xenorhabdus_nematophila,0.23481252813333542,2.6578781955539323
s__Dickeya_dadantii,-0.01734007185087205,2.216960991405766
s__Dickeya_solani,-0.01951255996056508,2.1866517511473713
s__Dickeya_paradisiaca,-0.04207449443265792,2.1982075256151568
s__Sodalis_praecaptivus,0.052389400305541525,2.2054657115208545
s__Pectobacterium_carotovorum,0.04040410731761524,2.144415053799003
s__Sodalis_glossinidius,-0.07627868827472876,2.576706755114688
s__Serratia_fonticola,0.05352345330835133,2.6921546398863185
s__Chania_multitudinisentens,-0.0877330051928916,2.672892586251203
s__Rahnella_aquatilis,-0.0046139677286194435,2.6421733010356316
s__Serratia_marcescens,0.04019314450796289,2.7198127728532775
s__Serratia_liquefaciens,0.06058369004942437,2.721872800974662
s__Serratia_odorifera,0.036205266536762586,2.703501846974823
s__Serratia_rubidaea,0.08080985865427073,2.718864896822372
s__Serratia_symbiotica,0.07151856502419235,2.70359365700969
s__Yersinia_enterocolitica,-0.04645276896167978,2.688703718124682
s__Yersinia_pestis,-0.05570260245845751,2.704386788827269
s__Aggregatibacter_aphrophilus,0.8849136960612999,2.4962836191444864
s__Yersinia_ruckeri,-0.037700312888494576,2.7074816550387264
s__Coxiella_burnetii,0.4350456673697522,1.5134564487644835
s__Kushneria_aurantia,0.11076347802678695,1.6092154263149157
s__Zymobacter_palmae,0.047356203342013466,1.6520568249660175
s__Reinekea_blandensis,0.3214083719392846,1.533595960608235
s__Actinobacillus_pleuropneumoniae,0.7336581329745444,2.4005213937458625
s__Actinobacillus_succinogenes,0.7365584433842131,2.425235145881413
s__Aggregatibacter_actinomycetemcomitans,0.8969878684518643,2.507608596475195
s__[Mannheimia]_succiniciproducens,0.875481087186168,2.5469819337507125
s__Bibersteinia_trehalosi,0.8825596104973364,2.446784673150944
s__Haemophilus_influenzae,0.8172835296057956,2.39040644457726
s__Gallibacterium_anatis,0.7587745515766763,2.480454680612905
s__Pasteurella_multocida,0.8282773500356321,2.5016762402183534
s__[Haemophilus]_ducreyi,0.8355616776477901,2.406271992506651
s__[Haemophilus]_parasuis,0.815801143533575,2.4235661487117786
s__Histophilus_somni,0.7907614108433433,2.5198855602040555
s__Mannheimia_haemolytica,0.8384332220533735,2.549784124109482
s__Akkermansia_muciniphila,1.5060958769759982,2.2863511215345724
s__Acinetobacter_junii,0.8332877921189742,2.017089868089267
s__Acinetobacter_baumannii,0.9109486019100225,2.0196918369002903
s__Acinetobacter_beijerinckii,0.8753080662776715,1.9711607113248655
s__Acinetobacter_bereziniae,0.8725425868445775,2.008023064948329
s__Acinetobacter_gyllenbergii,0.8832652414054497,2.060556743952435
s__Acinetobacter_indicus,0.84885945519413,1.9921630554371874
s__Acinetobacter_johnsonii,0.9291212158102865,1.9838086554094743
s__Acinetobacter_soli,0.8306602777529976,2.0413688220852637
s__Acinetobacter_parvus,0.9088289610660922,1.9651802306535435
s__Acinetobacter_lwoffii,0.87403602308796,2.037845048160035
s__Acinetobacter_pittii,0.899665134001005,1.987224071625416
s__Acinetobacter_radioresistens,0.8504298428838366,2.0562970784161627
s__Acinetobacter_schindleri,0.9320204531135667,2.0340629708562186
s__Acinetobacter_tandoii,0.9103511610339614,2.0504484824446005
s__Acinetobacter_ursingii,0.9366921935605836,2.0072777230977965
s__Vibrio_alginolyticus,1.0724812876871959,2.364981690877995
s__Pseudomonas_stutzeri,0.6886992415951602,1.77225896031588
s__Moraxella_osloensis,0.8937513964583282,1.840108417032454
s__Moraxella_ovis,0.9101992551689482,1.8485300204033566
s__Oblitimonas_alkaliphila,0.51928714620398,1.8741433712572249
s__Psychrobacter_sp._P11F6,0.7031185491291563,2.0634190781313086
s__Pseudomonas_aeruginosa,0.6077678323673852,1.7966590665800724
s__Pseudomonas_alcaligenes,0.6197549798347741,1.7373436339965287
s__Pseudomonas_fragi,0.6419138636351422,1.7676545122128082
s__Pseudomonas_cremoricolorata,0.6402094301954002,1.8142531745873895
s__Pseudomonas_alkylphenolica,0.6167999851189453,1.8258520152581224
s__Pseudomonas_koreensis,0.6638482098798432,1.795323162831866
s__Pseudomonas_knackmussii,0.6074002718882516,1.7660561346203416
s__Pseudomonas_mendocina,0.6758901979329467,1.715858557575808
s__Pseudomonas_putida,0.7042394976326659,1.7250635698508718
s__Pseudomonas_resinovorans,0.6438484221504341,1.7209527887120772
s__Pseudomonas_sp._StFLB209,0.709037463279186,1.7480452897138385
s__Pseudomonas_thermotolerans,0.6712849748481403,1.7440930349761434
s__Methylophaga_frappieri,0.23635836248941972,1.565821111708141
s__Thiothrix_nivea,0.9863022123961815,2.5368558109872037
s__Vibrio_nigripulchritudo,1.0432898653417486,2.334582630217168
s__Vibrio_campbellii,1.082878291753079,2.327267909406543
s__Vibrio_cholerae,1.0646132943563333,2.296900484044325
s__Vibrio_coralliilyticus,1.0495424357212657,2.355453276474653
s__Vibrio_fluvialis,1.0588601386148089,2.3726323052826244
s__Stenotrophomonas_acidaminiphila,0.2611501540236604,1.7794606855990605
s__Vibrio_rhizosphaerae,1.0636176373348691,2.3294779097180673
s__Vibrio_parahaemolyticus,1.0493744367921245,2.3107291840466613
s__Vibrio_scophthalmi,1.078377616710143,2.3485624493833903
s__Vibrio_tubiashii,1.0783320485402161,2.306425298727987
s__Rhodanobacter_denitrificans,0.07614208326641056,1.7596194714089615
s__Stenotrophomonas_maltophilia,0.25432965267624186,1.8128061928638857
s__Stenotrophomonas_nitritireducens,0.22469962245829275,1.7985058536720302
s__Xanthomonas_campestris,0.2559865275766244,1.6915824647002617
s__Xylella_fastidiosa,0.17920099065400036,1.728365050918472
s__Brachyspira_murdochii,-0.1712874561399213,-2.847258250130263
s__Brachyspira_hyodysenteriae,1.5323924515660154,2.1487144388598725
s__Borreliella_valaisiana,-0.15843372803425204,-2.777245880462149
s__Treponema_denticola,-0.23634875845768474,-2.7572968723341686
s__Treponema_medium,-0.27362686500357614,-2.7890854825590874
s__Treponema_lecithinolyticum,-2.7725087018425705,0.7408567741278702
s__Treponema_maltophilum,-0.2700957896712162,-2.774934764832945
s__Treponema_socranskii,-2.7550335360469704,0.7569778129038224
s__Treponema_pedis,-2.7643624005707585,0.7490579766721112
s__Treponema_putidum,-0.25596666203537316,-2.790089530665563
s__Treponema_succinifaciens,-0.2424036613074241,-2.7759828329818044
s__Treponema_vincentii,-0.2541637762920529,-2.763976649936362
s__Cloacibacillus_evryensis,-0.369615383194039,-2.865049095282098
s__Aminomonas_paucivorans,-0.34297466920617753,-2.873124349825596
s__Jonquetella_anthropi,-2.7560403175103314,0.8332152048575805
s__Mycoplasma_hominis,-1.5467313446101343,2.389425513379517
s__Thermanaerovibrio_acidaminovorans,-0.39152896518100283,-2.858792715187323
s__Thermovirga_lienii,-0.41235192509034696,-2.857977076654565
s__Candidatus_Izimaplasma_sp._HR1,0.6895028614819881,-0.3997576492754135
s__Acholeplasma_brassicae,0.029056410511555816,-2.8021115862338695
s__Candidatus_Phytoplasma_mali,-1.5865763513032645,2.390434882795211
s__Mesoplasma_florum,-0.056456925934240905,-2.803401143532359
s__Spiroplasma_syrphidicola,-0.022746123293267147,-2.7626762126432025
s__Ureaplasma_canigenitalium,1.5130801681049577,2.215749306077848
s__Ureaplasma_parvum,0.08269603423672302,-2.8143901086054988
s__Coraliomargarita_akajimensis,1.4807401224188188,2.3517413419019184
s__Verrucomicrobiae_bacterium_DG1235,0.3922603878875704,0.05802066060641357
s__Verrucomicrobium_sp._3C,-0.06386624619897961,-2.6950987920022595
s__Human_endogenous_retrovirus_K,2.144495544552549,1.7354315086310041
s__Hepatitis_B_virus,2.1343592497826855,1.9495432780571682
s__Duck_hepatitis_B_virus,2.1201241139638793,1.950053464049225
s__Vibrio_phage_pYD38-A,1.9286173371864126,-1.2842122769560527
s__Porcine_type-C_oncovirus,2.0360238496335232,-2.0228335080398128
s__Staphylococcus_phage_PT1028,1.9112502211133622,-1.2613507601401042
s__Pyrobaculum_filamentous_virus_1,1.9705448760695494,1.1596586156235293
s__Pandoravirus_salinus,1.8749557773229897,-1.2072553379784199
s__Pandoravirus_dulcis,1.893364222323696,-1.2357634961756256
s__Choristoneura_rosaceana_entomopoxvirus_'L',2.255718509114515,1.5344475821276216
s__White_spot_syndrome_virus,2.2624711352839544,1.5786343100614422
s__Human_mastadenovirus_C,2.2887879662460775,1.5410312728164943
s__Megavirus_chiliensis,2.0717138266960866,-1.41106046390318
s__Macaca_mulatta_polyomavirus_1,2.2412289843713493,1.5630439532681464
s__Gryllus_bimaculatus_nudivirus,2.0785739304682758,1.2612732465305
s__BeAn_58058_virus,2.110230240197589,1.2821053728650829
s__Salmonella_phage_ST64B,1.8840074662994382,-0.3040559053826849
s__Thermus_phage_phi_OH2,1.8868283883615722,-0.31515721248669004
s__Klebsiella_phage_JD001,2.052908496821984,-0.5727530795975684
s__Enterobacteria_phage_SfV,2.169970458821503,-0.6112548561660804
s__Enterobacteria_phage_P88,2.11969455566021,-0.6528407719437263
s__Clostridium_phage_phiMMP01,2.1045581072505715,-0.6698817897402586
s__Clostridium_phage_CDMH1,2.204803357614915,-0.6917664643717341
s__Aggregatibacter_phage_S1249,2.147288960883687,-0.6342413214437668
s__Acinetobacter_phage_LZ35,2.0804168801038916,-0.5726073941006078
s__Acinetobacter_phage_YMC13/03/R2096,2.2086983632589527,-0.6179703196383569
s__Clostridium_phage_phiCD211,2.21266242641263,-0.6478777988282366
s__Clostridium_phage_phiMMP02,2.0875152331933142,-0.6530379643212411
s__Clostridium_phage_phiMMP04,2.104492004775207,-0.6291392953594497
s__Cronobacter_phage_S13,2.175980096498561,-0.6719785486234316
s__Enterobacteria_phage_SfI,2.0583129273530836,-0.6112365953247776
s__Enterobacteria_phage_phiP27,2.2284319624576647,-0.6317826689413087
s__Escherichia_phage_SUSP1,2.1800638596762547,-0.6931591178003541
s__Escherichia_phage_HY01,2.1146586635284095,-0.5704277480173443
s__Enterobacteria_phage_vB_KleM-RaK2,2.1007416094484093,-0.5956871818701877
s__Enterococcus_phage_EFDG1,2.1082303702091836,-0.547914176946363
s__Escherichia_phage_HY02,2.055060759137571,-0.5550236104193979
s__Escherichia_phage_SUSP2,2.228612835867106,-0.6835946261209519
s__Escherichia_phage_vB_EcoM_Alf5,2.194526048534924,-0.6004818563550937
s__Escherichia_phage_UFV-AREG1,2.0873588117787794,-0.5450052464444655
s__Escherichia_phage_phAPEC8,2.241439440781548,-0.6703550196462426
s__Escherichia_phage_slur16,2.172856562779343,-0.5833253736969143
s__Shigella_phage_SfIV,2.1272124758439097,-0.6819980372074048
s__Klebsiella_phage_JD18,2.0782066948156523,-0.613083827109454
s__Klebsiella_phage_PKO111,2.055865990558537,-0.5907424608674995
s__Shigella_phage_SfII,2.072638766654603,-0.6362665466203228
s__Klebsiella_phage_vB_KpnM_KpV477,2.239772997608799,-0.6524700371618998
s__Klebsiella_phage_vB_KpnM_KB57,2.153159136273207,-0.6902395121949525
s__Salmonella_phage_RE-2010,2.208604750403744,-0.6719863083537583
s__Lactobacillus_phage_KC5a,2.1333718598301488,-0.6041590346209806
s__Lactobacillus_phage_phi_jlb1,2.068771722617421,-0.5440609218738035
s__Pseudomonas_phage_KPP12,2.182153095131925,-0.6420882177196264
s__Salmonella_phage_GG32,2.151029797620917,-0.5769115290511856
s__Haemophilus_phage_HP1,2.34372791449573,-1.2302772315076453
s__Streptococcus_phage_EJ-1,2.147101185024718,-0.6668905590729268
s__Clostridium_virus_phiC2,2.170167134274013,-1.0419926312553618
s__Thermus_phage_TMA,2.136188351808142,-0.5594979614111941
s__Clostridium_virus_phiCD27,2.192885010863675,-1.0369462156652813
s__Clostridium_virus_phiCD119,2.154388521001655,-1.0499582895413992
s__Escherichia_virus_EC6,2.3898697805384534,-1.1715023922004926
s__Erwinia_virus_Ea214,2.4164304870498787,-1.1773152176660175
s__Salmonella_phage_FelixO1,2.3336021486858955,-1.03668730743629
s__Haemophilus_phage_HP2,2.3303723683272164,-1.2365332802389397
s__Staphylococcus_virus_G1,2.4084731254074634,-1.2089389070629728
s__Enterobacteria_phage_SfMu,2.3555472490890654,-1.0721253123115078
s__Escherichia_phage_D108,2.4245568540801097,-1.1505892098280894
s__Escherichia_virus_Mu,2.376627524302282,-1.1225718715192035
s__Escherichia_virus_P1,2.0980919007308763,-1.0410494865937452
s__Salmonella_phage_SJ46,2.103152446381655,-1.0546358396654865
s__Escherichia_phage_phiV10,2.307453609228567,1.1186503576197067
s__Enterobacteria_phage_P4,2.2567954994553703,-1.1863437425376873
s__Escherichia_phage_TL-2011b,2.6451112896882525,-0.8602470448726451
s__Escherichia_virus_186,2.2238973616114737,-1.161317730792489
s__Enterobacteria_phage_WPhi,2.214488766508973,-1.1452924014472767
s__Escherichia_phage_pro483,2.2244735158532407,-1.1278861503399067
s__Escherichia_phage_pro147,2.236609383345081,-1.1766134305659743
s__Enterobacteria_phage_fiAA91-ss,2.274742286730959,-1.1782448272501083
s__Escherichia_virus_P2,2.2759904555223884,-1.1339043339549606
s__Yersinia_phage_L-413C,2.24395283064246,-1.1128592179596921
s__Salmonella_phage_SEN1,2.2478405388028655,-1.1394037668083097
s__Salmonella_phage_FSL_SP-004,2.254647124334122,-1.1634029647480824
s__Pseudomonas_phage_phiCTX,2.265159171708284,-1.112953220720864
s__Salmonella_virus_PsP3,2.2804591926588142,-1.1566390211134614
s__Acinetobacter_phage_Acj61,2.4590118432006225,-1.0406158314521161
s__Pseudomonas_phage_EL,2.1283517105116734,-1.0968304780706466
s__Enterobacteria_phage_RB32,2.4416157072619993,-1.0382862961901809
s__Enterobacteria_phage_RB14,2.4753111416673326,-1.0828396993277571
s__Enterobacteria_phage_RB16,2.4590625260356735,-1.064804800450839
s__Enterobacteria_phage_RB51,2.4381780356917075,-1.069173579613059
s__Escherichia_phage_slur02,2.4794116690293246,-1.0658399708124613
s__Shigella_phage_SHFML-26,2.430097174158719,-1.0499517873332573
s__Escherichia_phage_vB_EcoM_PhAPEC2,2.4659222944005452,-1.0963001958141445
s__Klebsiella_phage_KP27,2.4511723350756913,-1.087396232460909
s__Klebsiella_phage_KP15,2.473998611403193,-1.0489062859463003
s__Salmonella_phage_PhiSH19,2.3754630807180237,-1.2187817544203141
s__Salmonella_phage_SEN34,2.5976426711297096,-0.3711185272690872
s__Enterobacteria_phage_Sf101,2.474658382216715,-0.3860736470456068
s__Enterobacteria_phage_IME10,2.5745159309211854,-0.40813579627550023
s__Enterobacteria_phage_933W_sensu_lato,2.5440515871431617,-0.3686903309391608
s__Enterobacter_phage_E-2,2.5196600183899003,-0.4489580348760624
s__Citrobacter_phage_phiCFP-1,2.5873221783949614,-0.3224630265004111
s__Enterobacter_phage_E-3,2.4943498426593953,-0.3748242068189663
s__Klebsiella_phage_vB_Kp1,2.5938935767539695,-0.341409796023148
s__Klebsiella_phage_K5,2.5458397149587735,-0.34586534814319414
s__Escherichia_phage_TL-2011c,2.4793658360177644,-0.41656088251204876
s__Escherichia_phage_Pollock,2.498794761164166,-0.4456740917699138
s__Enterobacteria_phage_VT2phi_272,2.5019610633235048,-0.40696891442286076
s__Escherichia_phage_P483,2.5675036289695856,-0.334980994793575
s__Escherichia_phage_P694,2.6174656667220195,-0.3164464420164065
s__Klebsiella_phage_vB_KpnP_KpV289,2.458851443105501,-0.4176210365826648
s__Klebsiella_phage_vB_Kp2,2.6043271927398406,-0.3142951066677608
s__Klebsiella_phage_vB_KpnP_KpV41,2.457030923047801,-0.39763202366630535
s__Klebsiella_phage_vB_KpnP_KpV475,2.6084861841670404,-0.3540462658746332
s__Salmonella_phage_SEN22,2.521339408466032,-0.38717986184946235
s__Klebsiella_phage_vB_KpnP_KpV71,2.5178256617404933,-0.3605697314494315
s__Salmonella_phage_7-11,2.574513940932176,-0.3597080857566377
s__Shigella_phage_POCJ13,2.559168876319334,-0.4244578068024579
s__Salmonella_phage_SPN1S,2.614490515061531,-0.3337180439775768
s__Shigella_phage_75/02_Stx,2.5885716637838803,-0.38891828344714796
s__Salmonella_phage_SPN9CC,2.5416202889110644,-0.4384266198284515
s__Stx2-converting_phage_86,2.5650700023300708,-0.3872892121263929
s__Shigella_phage_Ss-VASD,2.4797622466689297,-0.4379155689358061
s__Streptococcus_phage_A25,2.5429476221876186,-0.4084141982498327
s__Streptococcus_phage_Cp-1,2.5201359606774196,-0.4280548255991541
s__Salmonella_phage_Vi_II-E1,2.120809946362619,0.12279204903067031
s__Bacteroides_phage_B40-8,2.3719062935126565,0.05279520565507574
s__Salmonella_phage_HK620,2.683957629979054,-0.759680459833148
s__Salmonella_phage_epsilon15,2.652027504931955,-0.8533203622209452
s__Pseudomonas_phage_F116,2.7507903797504687,-0.6531327115554558
s__Klebsiella_virus_F19,2.7913904810650103,-0.55253574798301
s__Klebsiella_virus_K244,2.3658020768810677,1.1196891548843808
s__Klebsiella_virus_KP34,2.7743175427326388,-0.5929986423783538
s__Klebsiella_virus_SU503,2.782581841662381,-0.5740489265672944
s__Klebsiella_virus_SU552A,2.5621604306387935,1.0323369884304339
s__Achromobacter_phage_phiAxp-3,2.529389018249734,1.0683876155265615
s__Salmonella_phage_FSL_SP-076,2.655678590653652,-0.8242243259918931
s__Salmonella_phage_FSL_SP-058,2.5391191908507835,1.0606390512918744
s__Enterobacteria_phage_ST104,2.7063577893028166,-0.7350995856454151
s__Shigella_phage_Sf6,2.708752460826091,-0.7227231306823985
s__Salmonella_phage_vB_SemP_Emek,2.3207920301729947,1.0837036697605062
s__Salmonella_phage_epsilon34,2.678821844367894,-0.7791765162556186
s__Salmonella_phage_ST64T,2.689408595645622,-0.7725768096281237
s__Salmonella_phage_ST160,2.6987841958347447,-0.7552799422919354
s__Salmonella_phage_SE1,2.6948631743028053,-0.7414247650216351
s__Salmonella_virus_P22,2.344060280805317,1.0833225737973549
s__Enterobacteria_phage_K30,2.4205184355604996,1.1173632474488393
s__Escherichia_virus_K1E,2.7392967258173946,-0.679203967285427
s__Citrobacter_phage_SH2,2.4652836576892527,1.0940586434577886
s__Citrobacter_phage_SH1,2.477753742667304,1.0944684612145927
s__Enterobacter_phage_phiEap-1,2.441446042517126,1.1156962669331818
s__Klebsiella_phage_K11,2.848482665323688,-0.31907110842906755
s__Klebsiella_phage_KP32,2.460873631497157,1.1080950287592923
s__Yersinia_phage_phiYeO3-12,2.8546665962713007,-0.27483379544921405
s__Salmonella_phage_phiSG-JL2,2.4290456787000787,1.1072679310919398
s__Yersinia_phage_vB_YenP_AP5,2.4469332985349013,1.099745499287098
s__Bacteroides_phage_B124-14,2.211301694675527,0.010476427957868574
s__Klebsiella_phage_Sushi,2.180078099397041,0.1391380226813899
s__Enterobacteria_phage_HK544,2.282164984648845,0.11316359450438779
s__Enterobacteria_phage_HK542,2.1679821507841606,0.024657896873222212
s__Enterobacteria_phage_HK106,2.307869790273431,0.01273732310550992
s__Cronobacter_phage_ENT39118,2.2348681610267547,0.18620629071168715
s__Clostridium_phage_vB_CpeS-CP51,2.1224962674939425,0.14348951195747184
s__Clostridium_phage_phiSM101,2.3894745442612084,0.21394024212699686
s__Clostridium_phage_PhiS63,2.160684625982824,0.06467538563193281
s__Clostridium_phage_phi3626,2.384857630996463,0.030090729417079475
s__Clostridium_phage_phiCD111,2.1512509216618074,0.12133513612481568
s__Cronobacter_phage_phiES15,2.321741526155089,0.20329323155754325
s__Enterobacteria_phage_ES18,2.2679422101527025,0.2426678092759488
s__Enterococcus_phage_phiEf11,2.3022219078919517,0.15844360489551218
s__Enterococcus_phage_EFC-1,2.406418162005555,0.14262632560192387
s__Enterococcus_phage_IME-EFm1,2.471347886789735,0.07070843944419203
s__Enterococcus_phage_vB_EfaS_IME197,2.1499921099831707,0.15579819437247086
s__Klebsiella_phage_KLPN1,2.376377304571494,0.16529453093976287
s__Enterococcus_phage_vB_EfaS_IME198,2.2133004540882526,0.07631198478201105
s__Klebsiella_phage_PKP126,2.3409204996694446,0.22840962166987855
s__Salmonella_phage_SPN3UB,2.4328686729371944,0.1242916408667775
s__Lactobacillus_phage_phiadh,2.432698924728009,0.18922640381386752
s__Lactobacillus_phage_LfeSau,2.390030771606899,0.08461149689680143
s__Lactobacillus_phage_LF1,2.3740810523754603,0.19711154492805713
s__Klebsiella_phage_phiKO2,2.432077796091288,0.04625364988962741
s__Lactobacillus_phage_CL1,2.3170217300939746,0.03948364987291399
s__Lactobacillus_phage_Lc-Nu,2.2588289314930554,0.21602068398651741
s__Lactobacillus_phage_Lrm1,2.189064240796442,0.016120921023727905
s__Lactobacillus_phage_phiPYB5,2.1271114505221504,0.16599463437519052
s__Lactobacillus_phage_PLE2,2.3422296278716126,0.1810552337396279
s__Lactobacillus_phage_iA2,2.357345293353219,0.09660014296687255
s__Lactobacillus_phage_Sha1,2.410306055387044,0.20145655825330655
s__Lactobacillus_phage_PLE3,2.319654623989788,0.10550575781684361
s__Lactobacillus_phage_phiLdb,2.452818391722799,0.056673088108021394
s__Salmonella_phage_IME207,2.317530122405705,0.23537701914337092
s__Pseudomonas_phage_PaMx74,2.2414971685867227,0.2436807318985847
s__Lactobacillus_prophage_Lj965,2.1684904736772737,0.21877141307118028
s__Lactobacillus_prophage_Lj928,2.3589059469299416,0.02510883028913241
s__Lactobacillus_phage_phig1e,2.1955577708955545,0.17406035430578118
s__Lactococcus_phage_TP901-1,2.374874651144336,0.12747071886207442
s__Lactococcus_phage_P680,2.1424633377229427,0.09152543966881091
s__Lactococcus_phage_340,2.3390063904772416,0.06333959628670277
s__Lactococcus_phage_28201,2.2517566813154737,0.08547503557588994
s__Lactococcus_phage_P335_sensu_lato,2.1507287014833207,0.2056072509609451
s__Lactococcus_phage_BK5-T,2.210935678355738,0.23970569089545896
s__Lactococcus_phage_63301,2.166092229019614,0.1856542804713758
s__Lactococcus_phage_50101,2.280154040134775,0.039723756884922655
s__Lactococcus_phage_98201,2.135512202444519,0.0550767815274172
s__Lactococcus_phage_BM13,2.4209675182737804,0.09771190669544327
s__Lactococcus_phage_ul36,2.484135122572417,0.08664361777763116
s__Lactococcus_phage_jm3,2.2140461647071445,0.1124430266613582
s__Lactococcus_phage_jm2,2.178769325256108,0.09465292298529904
s__Lactococcus_phage_phiL47,2.119329099253154,0.1009838322469468
s__Pectobacterium_phage_My1,2.294302115233084,0.0730575340648282
s__Leuconostoc_phage_phiLN34,2.124939924202527,0.07533603996037319
s__Pseudomonas_phage_JBD44,2.4427583287645755,0.15407927466917645
s__Pseudomonas_phage_YMC11/07/P54_PAE_BP,2.414838181605544,0.06340394735528751
s__Salmonella_phage_SSU5,2.3349721242284494,0.1421415311401609
s__Streptococcus_phage_SM1,2.487642246663445,0.12442417799177108
s__Streptococcus_phage_5093,2.412279287807811,0.1755310971831264
s__Staphylococcus_phage_StB27,2.2346387001263235,0.009343767678413982
s__Salmonella_phage_vB_SosS_Oslo,2.446944297330042,0.07879258971536722
s__Staphylococcus_phage_P954,2.1855092478677656,0.047708655012560906
s__Staphylococcus_phage_23MRA,2.2486381961038093,0.045207532529465896
s__Staphylococcus_phage_SMSAP5,2.2221955843980665,0.14824395667321275
s__Staphylococcus_phage_StB12,2.46300768148111,0.12615715747464462
s__Staphylococcus_phage_StB20-like,2.4071460208528963,0.03819212034158393
s__Staphylococcus_phage_TEM123,2.3622824134953686,0.2219680877950576
s__Staphylococcus_phage_StauST398-4,2.4892834311768444,0.10573123494809909
s__Staphylococcus_phage_phi7401PVL,2.291421910758551,0.21008155644892915
s__Staphylococcus_phage_YMC/09/04/R1988,2.137723164502756,0.18610806571049424
s__Staphylococcus_phage_phiNM3,2.226756221209782,0.22251462821784135
s__Staphylococcus_phage_phiBU01,2.216935888818852,0.03983246905985516
s__Staphylococcus_prophage_phiPV83,2.450808035931078,0.17590586131417138
s__Streptococcus_phage_PH15,2.4674581756679888,0.15933813326850452
s__Streptococcus_phage_PH10,2.2569411609131333,0.13699294621459282
s__Streptococcus_phage_MM1,2.2928992701110102,0.23991755228460468
s__Streptococcus_phage_M102AD,2.1501904415953,0.037672834693607
s__Streptococcus_phage_TP-778L,2.2722226889647352,0.1766442955167234
s__Streptococcus_phage_SpSL1,2.1874972936594217,0.23110657252473096
s__Streptococcus_phage_YMC-2011,2.1977839110787247,0.20722125583983056
s__Streptococcus_phage_phiARI0923,2.4795167028963845,0.14319407813669843
s__Streptococcus_phage_phiARI0468-4,2.4650105627957752,0.09937237051698515
s__Streptococcus_phage_phiARI0746,2.2819786748993844,0.009897907446037222
s__Streptococcus_virus_9874,2.257425952259847,0.009369926589230871
s__Streptococcus_virus_9872,2.336069811641042,0.018582213609126756
s__Salmonella_phage_SE2,2.724917430928774,0.4572451405310703
s__Staphylococcus_phage_77,2.0927906637357734,0.6364934818876549
s__Staphylococcus_phage_Pvl108,2.732686291080436,0.3903818551471036
s__Klebsiella_virus_1513,2.077825615613752,0.7002076387607572
s__Klebsiella_virus_KP36,2.0834014394527576,0.7157708677019717
s__Enterobacteria_phage_mEp460,2.627872609746433,0.6039862086485793
s__Enterobacteria_phage_cdtI,2.5321802093577004,0.6958625736219032
s__Enterobacteria_phage_HK140,2.5536436415761607,0.6925848543071064
s__Enterobacteria_phage_BP-4795,2.5341562196526812,0.6692326478115007
s__Bacillus_phage_phi105,2.5839656282220025,0.6713837161115769
s__Enterobacteria_phage_HK225,2.579165050512789,0.6435853792398354
s__Enterobacteria_phage_HK446,2.570683012198337,0.7360948611019936
s__Enterobacteria_phage_HK633,2.6286713913378046,0.6514231669394971
s__Enterobacteria_phage_HK629,2.6007660262859025,0.7066860414587287
s__Enterobacteria_phage_HK630,2.5508847109981048,0.7357466575555728
s__Enterobacteria_phage_mEp237,2.538617793550856,0.7190229321618644
s__Enterobacteria_phage_mEp043_c-1,2.551104980511999,0.6411399704017374
s__Enterobacteria_phage_mEp235,2.554063846241778,0.6628756937555446
s__Enterobacteria_phage_phi80,2.6089503007013892,0.6885853001206006
s__Enterobacteria_phage_mEpX2,2.5635289006397226,0.7179618013687536
s__Enterobacteria_phage_mEpX1,2.6080549523991743,0.6307041064678994
s__Stx2-converting_phage_1717,2.592528972139502,0.6125835310755712
s__Escherichia_phage_HK639,2.586912101210338,0.7226263275658236
s__Enterobacterial_phage_mEp213,2.611053910812242,0.6056246154519757
s__Enterobacterial_phage_mEp390,2.572505954606706,0.6233268229388627
s__Enterobacterial_phage_mEp234,2.6320007699868735,0.6333473895492762
s__Escherichia_phage_HK75,2.620193534589415,0.6729301119738286
s__Escherichia_virus_Lambda,2.635362554876705,0.6172912265858617
s__Escherichia_virus_HK022,2.6071296592113753,0.6567739871334103
s__Escherichia_virus_HK97,2.581594347788748,0.6970441343186978
s__Escherichia_virus_JenP1,2.4479562551525196,0.8408690275902917
s__Escherichia_virus_N15,2.7455616303275026,0.36448567450918995
s__Streptococcus_phage_Abc2,2.187250127105453,0.6595979131548539
s__Streptococcus_phage_O1205,2.7165013217078924,0.4293812907017565
s__Staphylococcus_phage_phiMR25,2.204449471597858,0.7668836437745509
s__Staphylococcus_phage_187,2.168810303892671,0.7744101754318873
s__Staphylococcus_phage_88,2.1958208000474726,0.8247159603732819
s__Staphylococcus_phage_55,2.2408245283763066,0.7989738403494898
s__Staphylococcus_phage_29,2.2118719734450214,0.8043465863449357
s__Staphylococcus_phage_PH15,2.1889731576234444,0.7824033858247735
s__Staphylococcus_phage_B236,2.235166970273777,0.8350727845983903
s__Staphylococcus_phage_96,2.22696562981909,0.7788292591995012
s__Staphylococcus_phage_CNPH82,2.2157907238562786,0.8323487756054284
s__Staphylococcus_phage_Ipla5,2.1800281776797883,0.8106056198602293
s__Staphylococcus_phage_phiETA,2.165533871955165,0.7950069568249911
s__Staphylococcus_phage_phiMR11,2.2468062182884907,0.8202216905977407
s__Streptococcus_phage_2972,2.2868484065333425,0.6611892297647982
s__Enterococcus_phage_BC611,2.4790892274162,0.8449293337041097
s__Escherichia_virus_Rtp,2.0568233540708665,0.6622646901870687
s__Streptococcus_phage_858,2.723517866725927,0.41927542777193
s__Streptococcus_phage_7201,2.6876390682739246,0.4661554793555742
s__Staphylococcus_phage_SPbeta-like,2.048750627867857,0.6291486549702648
s__Streptococcus_phage_Sfi21,2.1438694832178986,0.6618587287310976
s__Streptococcus_phage_Sfi19,2.1634588009110187,0.6570299369253679
s__Lactococcus_phage_bIL170,2.3724968532802078,0.68544669645105
s__Lactococcus_phage_SK1,2.6641013059927525,0.5005930655788862
s__Lactococcus_phage_P008,2.352650382822337,0.6919112635730909
s__Lactococcus_phage_CB14,2.358945577157044,0.7207545014926842
s__Lactococcus_phage_bIBB29,2.383098771697659,0.7428204488708534
s__Lactococcus_phage_SL4,2.6779887635181994,0.5055734086264169
s__Lactococcus_phage_jj50,2.381619605753064,0.7167127909819558
s__Staphylococcus_phage_Slt,2.394496488659257,0.8424210171853029
s__Staphylococcus_phage_3A,2.368611671554866,0.8388476133618771
s__Staphylococcus_phage_47,2.3798928140537403,0.855432060387297
s__Staphylococcus_phage_42E,2.3550352591989414,0.8552908427036808
s__Cyprinid_herpesvirus_1,2.3132047069718484,1.6222506637857086
s__Ictalurid_herpesvirus_1,2.3313001910429407,1.6079679254271115
s__Uncultured_phage_WW-nAnB_strain_2,2.151541144033248,1.7068887524953211
s__Falconid_herpesvirus_1,2.265293514426231,-1.6737249402670706
s__Ovine_gammaherpesvirus_2,2.3527547064095784,1.576760255543976
s__Human_betaherpesvirus_7,2.2766116774357763,-1.661431088429463
s__Human_betaherpesvirus_6B,2.3607576427419388,1.5564973572870995
s__Uncultured_phage_WW-nAnB_strain_3,2.1204496990958255,-1.791817667347844
s__uncultured_phage_WW-nAnB,2.084192542901631,-1.809836494604246
s__Parabacteroides_phage_YZ-2015b,2.1156686058896454,-1.808631653225736
s__Enterobacteria_phage_fd,2.0714820115070918,-1.9944405698843732
s__Enterobacteria_phage_If1,2.063558047774163,-1.9960881075187438
s__Enterobacteria_phage_M13,2.158997382313843,1.899580129520893
s__Parabacteroides_phage_YZ-2015a,2.104059207390997,-1.8118300537971677
s__Enterobacteria_phage_YYZ-2008,2.0120481999759257,-1.7079249105347212
s__Porcine_parvovirus_5,2.155150429084292,1.9265160234886287
s__Streptococcus_phage_phiARI0004,2.038649270747737,1.5787503313166686
s__Salmonella_phage_64795_sal3,2.0258389782827275,-1.7070849730396078
s__Salmonella_phage_118970_sal3,2.0554767701252223,1.606667758388145
s__Lactobacillus_prophage_Lj771,2.0607656124775118,1.5904525694793032
s__Streptococcus_phage_20617,2.0450782635185845,1.5943920814688417
s__Streptococcus_phage_K13,2.018219867073353,-1.6909787367164804
s__Streptococcus_phage_IC1,1.9887954473383755,-1.6956083044713346
s__Streptococcus_phage_phiARI0131-1,1.9994556586860541,-1.7041136379708037
s__Streptococcus_phage_phiBHN167,1.989565261861444,-1.684216452626307
s__Streptococcus_phage_phiARI0131-2,2.068914070565035,1.6135163013896123
s__Streptococcus_phage_phiARI0462,2.0702322183372095,1.6018741565797792
s__Streptococcus_phage_phiARI0460-1,2.0043712943999465,-1.6866041362985573
s__Streptococcus_phage_phiARI0468-2,2.0322722717960766,-1.6976983876237774
s__Streptococcus_phage_phiARI0468-1,2.0498350472206566,1.5802320096272056
